class_id,dungeon_id,difficulty_id,affix_id,num_completed
DH_HA,AD,15,FO_BO_SK_IN,3
DH_HA,AD,15,FO_SA_GR_IN,3
DH_HA,AD,15,TY_RA_NE_IN,1
DH_HA,AD,16,FO_BO_SK_IN,2
DH_HA,AD,16,FO_SA_GR_IN,4
DH_HA,AD,16,TY_BO_EX_IN,1
DH_HA,AD,16,TY_RA_NE_IN,2
DH_HA,AD,16,TY_TE_VO_IN,3
DH_HA,AD,17,FO_BO_SK_IN,8
DH_HA,AD,17,FO_SA_GR_IN,12
DH_HA,AD,17,TY_BO_EX_IN,1
DH_HA,AD,17,TY_RA_NE_IN,1
DH_HA,AD,17,TY_TE_VO_IN,21
DH_HA,AD,18,FO_BO_SK_IN,1
DH_HA,AD,18,FO_SA_GR_IN,10
DH_HA,AD,18,TY_TE_VO_IN,8
DH_HA,AD,19,FO_SA_GR_IN,2
DH_HA,AD,19,TY_TE_VO_IN,2
DH_HA,FH,15,FO_BO_SK_IN,3
DH_HA,FH,15,TY_BO_EX_IN,1
DH_HA,FH,15,TY_TE_VO_IN,2
DH_HA,FH,16,FO_BO_SK_IN,4
DH_HA,FH,16,FO_SA_GR_IN,2
DH_HA,FH,16,TY_TE_VO_IN,13
DH_HA,FH,17,FO_BO_SK_IN,6
DH_HA,FH,17,FO_SA_GR_IN,20
DH_HA,FH,17,TY_RA_NE_IN,2
DH_HA,FH,17,TY_TE_VO_IN,8
DH_HA,FH,18,FO_BO_SK_IN,2
DH_HA,FH,18,FO_SA_GR_IN,5
DH_HA,FH,18,TY_TE_VO_IN,4
DH_HA,FH,19,FO_SA_GR_IN,1
DH_HA,KR,13,FO_BO_SK_IN,1
DH_HA,KR,13,FO_SA_GR_IN,3
DH_HA,KR,13,TY_TE_VO_IN,1
DH_HA,KR,14,FO_BO_SK_IN,3
DH_HA,KR,14,FO_SA_GR_IN,1
DH_HA,KR,14,TY_RA_NE_IN,3
DH_HA,KR,14,TY_TE_VO_IN,3
DH_HA,KR,15,FO_BO_SK_IN,5
DH_HA,KR,15,FO_SA_GR_IN,11
DH_HA,KR,15,TY_BO_EX_IN,2
DH_HA,KR,15,TY_RA_NE_IN,1
DH_HA,KR,15,TY_TE_VO_IN,10
DH_HA,KR,16,FO_BO_SK_IN,3
DH_HA,KR,16,FO_SA_GR_IN,13
DH_HA,KR,16,TY_BO_EX_IN,1
DH_HA,KR,16,TY_TE_VO_IN,16
DH_HA,KR,17,FO_SA_GR_IN,5
DH_HA,KR,17,TY_TE_VO_IN,3
DH_HA,KR,18,TY_TE_VO_IN,1
DH_HA,ML,13,FO_BO_SK_IN,4
DH_HA,ML,13,FO_SA_GR_IN,3
DH_HA,ML,14,FO_BO_SK_IN,8
DH_HA,ML,14,FO_SA_GR_IN,12
DH_HA,ML,14,FO_TE_QU_IN,1
DH_HA,ML,15,FO_BO_SK_IN,7
DH_HA,ML,15,FO_SA_GR_IN,12
DH_HA,ML,15,TY_BU_SK_IN,1
DH_HA,ML,15,TY_RA_NE_IN,2
DH_HA,ML,15,TY_TE_VO_IN,7
DH_HA,ML,16,FO_BO_SK_IN,1
DH_HA,ML,16,FO_SA_GR_IN,5
DH_HA,ML,16,TY_RA_NE_IN,1
DH_HA,ML,16,TY_TE_VO_IN,9
DH_HA,ML,17,TY_TE_VO_IN,22
DH_HA,ML,18,TY_TE_VO_IN,4
DH_HA,ML,19,TY_TE_VO_IN,1
DH_HA,SB,13,FO_SA_GR_IN,6
DH_HA,SB,14,FO_SA_GR_IN,3
DH_HA,SB,15,FO_SA_GR_IN,7
DH_HA,SB,15,TY_BO_EX_IN,1
DH_HA,SB,15,TY_RA_NE_IN,1
DH_HA,SB,15,TY_TE_VO_IN,5
DH_HA,SB,16,FO_BO_SK_IN,1
DH_HA,SB,16,FO_SA_GR_IN,24
DH_HA,SB,16,TY_RA_NE_IN,3
DH_HA,SB,16,TY_TE_VO_IN,12
DH_HA,SB,17,FO_BO_SK_IN,2
DH_HA,SB,17,FO_SA_GR_IN,10
DH_HA,SB,17,TY_RA_NE_IN,4
DH_HA,SB,17,TY_TE_VO_IN,25
DH_HA,SB,18,FO_SA_GR_IN,4
DH_HA,SB,18,TY_RA_NE_IN,1
DH_HA,SS,12,FO_BO_SK_IN,3
DH_HA,SS,12,FO_SA_GR_IN,1
DH_HA,SS,13,FO_BO_SK_IN,4
DH_HA,SS,13,FO_SA_GR_IN,2
DH_HA,SS,13,FO_TE_QU_IN,2
DH_HA,SS,14,FO_BO_SK_IN,7
DH_HA,SS,14,FO_SA_GR_IN,4
DH_HA,SS,14,TY_RA_NE_IN,2
DH_HA,SS,15,FO_BO_SK_IN,9
DH_HA,SS,15,FO_SA_GR_IN,6
DH_HA,SS,15,TY_RA_NE_IN,4
DH_HA,SS,15,TY_TE_VO_IN,2
DH_HA,SS,16,TY_RA_NE_IN,2
DH_HA,SS,16,TY_TE_VO_IN,19
DH_HA,SS,17,FO_SA_GR_IN,1
DH_HA,SS,17,TY_RA_NE_IN,1
DH_HA,SS,17,TY_TE_VO_IN,6
DH_HA,SS,18,TY_TE_VO_IN,2
DH_HA,TD,13,FO_BO_SK_IN,1
DH_HA,TD,13,FO_SA_GR_IN,1
DH_HA,TD,14,FO_BO_SK_IN,4
DH_HA,TD,14,FO_SA_GR_IN,2
DH_HA,TD,15,FO_BO_SK_IN,8
DH_HA,TD,15,FO_SA_GR_IN,1
DH_HA,TD,15,TY_RA_NE_IN,3
DH_HA,TD,16,FO_BO_SK_IN,16
DH_HA,TD,16,FO_SA_GR_IN,3
DH_HA,TD,16,TY_BO_EX_IN,1
DH_HA,TD,16,TY_TE_VO_IN,16
DH_HA,TD,17,FO_BO_SK_IN,6
DH_HA,TD,17,FO_SA_GR_IN,1
DH_HA,TD,17,TY_TE_VO_IN,8
DH_HA,TD,18,TY_TE_VO_IN,2
DH_HA,TS,13,TY_BO_EX_IN,1
DH_HA,TS,13,TY_RA_NE_IN,1
DH_HA,TS,13,TY_TE_VO_IN,3
DH_HA,TS,14,FO_BO_SK_IN,5
DH_HA,TS,14,TY_RA_NE_IN,3
DH_HA,TS,14,TY_TE_VO_IN,1
DH_HA,TS,15,FO_BO_SK_IN,5
DH_HA,TS,15,FO_SA_GR_IN,2
DH_HA,TS,15,TY_BO_EX_IN,4
DH_HA,TS,15,TY_RA_NE_IN,3
DH_HA,TS,15,TY_TE_VO_IN,9
DH_HA,TS,16,FO_BO_SK_IN,11
DH_HA,TS,16,FO_SA_GR_IN,11
DH_HA,TS,16,TY_BO_EX_IN,3
DH_HA,TS,16,TY_RA_NE_IN,2
DH_HA,TS,16,TY_TE_VO_IN,7
DH_HA,TS,17,FO_BO_SK_IN,5
DH_HA,TS,17,FO_SA_GR_IN,7
DH_HA,TS,17,TY_TE_VO_IN,1
DH_HA,TS,18,FO_SA_GR_IN,2
DH_HA,UR,14,TY_RA_NE_IN,1
DH_HA,UR,14,TY_TE_VO_IN,1
DH_HA,UR,15,FO_BO_SK_IN,4
DH_HA,UR,15,FO_SA_GR_IN,1
DH_HA,UR,15,TY_BO_EX_IN,1
DH_HA,UR,15,TY_RA_NE_IN,6
DH_HA,UR,15,TY_TE_VO_IN,12
DH_HA,UR,16,FO_BO_SK_IN,4
DH_HA,UR,16,FO_SA_GR_IN,15
DH_HA,UR,16,TY_RA_NE_IN,1
DH_HA,UR,16,TY_TE_VO_IN,13
DH_HA,UR,17,FO_BO_SK_IN,6
DH_HA,UR,17,FO_SA_GR_IN,14
DH_HA,UR,17,TY_RA_NE_IN,1
DH_HA,UR,17,TY_TE_VO_IN,6
DH_HA,UR,18,FO_SA_GR_IN,4
DH_HA,UR,19,FO_SA_GR_IN,3
DH_HA,WM,13,FO_BO_SK_IN,3
DH_HA,WM,13,FO_SA_GR_IN,3
DH_HA,WM,14,FO_BO_SK_IN,7
DH_HA,WM,14,FO_SA_GR_IN,6
DH_HA,WM,15,FO_BO_SK_IN,4
DH_HA,WM,15,FO_SA_GR_IN,9
DH_HA,WM,15,TY_RA_NE_IN,1
DH_HA,WM,15,TY_TE_VO_IN,5
DH_HA,WM,16,FO_BO_SK_IN,4
DH_HA,WM,16,FO_SA_GR_IN,4
DH_HA,WM,16,TY_RA_NE_IN,1
DH_HA,WM,16,TY_TE_VO_IN,26
DH_HA,WM,17,FO_BO_SK_IN,2
DH_HA,WM,17,FO_SA_GR_IN,5
DH_HA,WM,17,TY_TE_VO_IN,15
DH_HA,WM,18,FO_BO_SK_IN,1
DH_HA,WM,19,TY_TE_VO_IN,1
DH_VE,AD,15,FO_BO_SK_IN,2
DH_VE,AD,15,FO_SA_GR_IN,2
DH_VE,AD,16,FO_BO_SK_IN,4
DH_VE,AD,16,FO_SA_GR_IN,2
DH_VE,AD,16,TY_BO_EX_IN,2
DH_VE,AD,16,TY_BU_SK_IN,1
DH_VE,AD,16,TY_RA_NE_IN,2
DH_VE,AD,16,TY_TE_VO_IN,4
DH_VE,AD,17,FO_SA_GR_IN,5
DH_VE,AD,17,TY_TE_VO_IN,6
DH_VE,AD,18,FO_SA_GR_IN,1
DH_VE,AD,18,TY_TE_VO_IN,2
DH_VE,FH,15,FO_BO_SK_IN,6
DH_VE,FH,15,FO_SA_GR_IN,1
DH_VE,FH,16,FO_BO_SK_IN,4
DH_VE,FH,16,FO_SA_GR_IN,2
DH_VE,FH,16,TY_BU_SK_IN,1
DH_VE,FH,16,TY_TE_VO_IN,6
DH_VE,FH,17,FO_BO_SK_IN,3
DH_VE,FH,17,FO_SA_GR_IN,3
DH_VE,FH,17,TY_TE_VO_IN,8
DH_VE,FH,18,TY_TE_VO_IN,2
DH_VE,KR,13,FO_BO_SK_IN,1
DH_VE,KR,14,FO_BO_SK_IN,2
DH_VE,KR,14,FO_SA_GR_IN,2
DH_VE,KR,14,TY_BO_EX_IN,2
DH_VE,KR,14,TY_RA_NE_IN,1
DH_VE,KR,14,TY_TE_VO_IN,3
DH_VE,KR,15,FO_BO_SK_IN,3
DH_VE,KR,15,FO_SA_GR_IN,1
DH_VE,KR,15,TY_RA_NE_IN,1
DH_VE,KR,15,TY_TE_VO_IN,5
DH_VE,KR,16,FO_SA_GR_IN,2
DH_VE,KR,16,TY_TE_VO_IN,7
DH_VE,ML,13,FO_SA_GR_IN,2
DH_VE,ML,13,FO_TE_QU_IN,1
DH_VE,ML,14,FO_SA_GR_IN,1
DH_VE,ML,15,FO_SA_GR_IN,2
DH_VE,ML,15,TY_TE_VO_IN,1
DH_VE,ML,16,TY_RA_NE_IN,2
DH_VE,ML,16,TY_TE_VO_IN,2
DH_VE,ML,17,TY_TE_VO_IN,7
DH_VE,SB,13,FO_SA_GR_IN,2
DH_VE,SB,14,FO_SA_GR_IN,4
DH_VE,SB,15,TY_TE_VO_IN,2
DH_VE,SB,16,TY_TE_VO_IN,4
DH_VE,SB,17,FO_SA_GR_IN,1
DH_VE,SB,17,TY_RA_NE_IN,1
DH_VE,SB,17,TY_TE_VO_IN,4
DH_VE,SB,18,FO_SA_GR_IN,1
DH_VE,SS,12,FO_TE_QU_IN,1
DH_VE,SS,13,FO_BO_SK_IN,3
DH_VE,SS,13,FO_SA_GR_IN,4
DH_VE,SS,13,FO_TE_QU_IN,1
DH_VE,SS,14,FO_BO_SK_IN,2
DH_VE,SS,14,FO_SA_GR_IN,2
DH_VE,SS,14,TY_TE_VO_IN,1
DH_VE,SS,15,FO_BO_SK_IN,3
DH_VE,SS,15,FO_SA_GR_IN,1
DH_VE,SS,15,TY_RA_NE_IN,3
DH_VE,SS,15,TY_TE_VO_IN,7
DH_VE,SS,16,FO_BO_SK_IN,1
DH_VE,SS,16,FO_SA_GR_IN,1
DH_VE,SS,16,TY_TE_VO_IN,7
DH_VE,SS,17,TY_TE_VO_IN,2
DH_VE,TD,13,FO_BO_SK_IN,2
DH_VE,TD,13,FO_SA_GR_IN,1
DH_VE,TD,13,FO_TE_QU_IN,1
DH_VE,TD,14,FO_SA_GR_IN,1
DH_VE,TD,14,TY_TE_VO_IN,1
DH_VE,TD,15,FO_BO_SK_IN,5
DH_VE,TD,15,TY_BO_EX_IN,1
DH_VE,TD,15,TY_RA_NE_IN,1
DH_VE,TD,15,TY_TE_VO_IN,5
DH_VE,TD,16,FO_BO_SK_IN,6
DH_VE,TD,16,FO_SA_GR_IN,2
DH_VE,TD,16,TY_BO_EX_IN,1
DH_VE,TD,16,TY_TE_VO_IN,7
DH_VE,TD,17,TY_TE_VO_IN,4
DH_VE,TS,13,TY_BO_EX_IN,1
DH_VE,TS,14,FO_SA_GR_IN,1
DH_VE,TS,14,TY_TE_VO_IN,3
DH_VE,TS,15,FO_BO_SK_IN,1
DH_VE,TS,15,FO_SA_GR_IN,2
DH_VE,TS,15,TY_BO_EX_IN,1
DH_VE,TS,15,TY_TE_VO_IN,7
DH_VE,TS,16,FO_BO_SK_IN,2
DH_VE,TS,16,FO_SA_GR_IN,4
DH_VE,TS,16,TY_TE_VO_IN,3
DH_VE,TS,17,FO_BO_SK_IN,2
DH_VE,UR,14,TY_BO_EX_IN,3
DH_VE,UR,14,TY_TE_VO_IN,1
DH_VE,UR,15,FO_SA_GR_IN,4
DH_VE,UR,15,TY_RA_NE_IN,1
DH_VE,UR,15,TY_TE_VO_IN,6
DH_VE,UR,16,FO_BO_SK_IN,3
DH_VE,UR,16,FO_SA_GR_IN,3
DH_VE,UR,16,TY_TE_VO_IN,9
DH_VE,UR,17,FO_SA_GR_IN,4
DH_VE,UR,17,TY_TE_VO_IN,2
DH_VE,UR,18,FO_SA_GR_IN,1
DH_VE,WM,13,FO_SA_GR_IN,3
DH_VE,WM,14,FO_BO_SK_IN,3
DH_VE,WM,14,FO_SA_GR_IN,2
DH_VE,WM,15,FO_SA_GR_IN,1
DH_VE,WM,15,TY_TE_VO_IN,3
DH_VE,WM,16,FO_SA_GR_IN,1
DH_VE,WM,16,TY_TE_VO_IN,8
DH_VE,WM,17,FO_SA_GR_IN,1
DH_VE,WM,17,TY_TE_VO_IN,3
DK_BL,AD,15,FO_BO_SK_IN,2
DK_BL,AD,15,FO_SA_GR_IN,2
DK_BL,AD,15,TY_BO_EX_IN,1
DK_BL,AD,15,TY_RA_NE_IN,1
DK_BL,AD,15,TY_TE_VO_IN,2
DK_BL,AD,16,FO_BO_SK_IN,5
DK_BL,AD,16,FO_SA_GR_IN,4
DK_BL,AD,16,TY_BO_EX_IN,1
DK_BL,AD,16,TY_RA_NE_IN,2
DK_BL,AD,16,TY_TE_VO_IN,5
DK_BL,AD,17,FO_BO_SK_IN,13
DK_BL,AD,17,FO_SA_GR_IN,10
DK_BL,AD,17,TY_RA_NE_IN,2
DK_BL,AD,17,TY_TE_VO_IN,27
DK_BL,AD,18,FO_BO_SK_IN,1
DK_BL,AD,18,FO_SA_GR_IN,8
DK_BL,AD,18,TY_TE_VO_IN,10
DK_BL,AD,19,FO_SA_GR_IN,2
DK_BL,AD,19,TY_TE_VO_IN,2
DK_BL,FH,15,FO_BO_SK_IN,3
DK_BL,FH,15,TY_BO_EX_IN,1
DK_BL,FH,15,TY_TE_VO_IN,2
DK_BL,FH,16,FO_BO_SK_IN,5
DK_BL,FH,16,FO_SA_GR_IN,4
DK_BL,FH,16,TY_RA_NE_IN,2
DK_BL,FH,16,TY_TE_VO_IN,24
DK_BL,FH,17,FO_BO_SK_IN,11
DK_BL,FH,17,FO_SA_GR_IN,19
DK_BL,FH,17,TY_RA_NE_IN,2
DK_BL,FH,17,TY_TE_VO_IN,18
DK_BL,FH,18,FO_BO_SK_IN,4
DK_BL,FH,18,FO_SA_GR_IN,5
DK_BL,FH,18,TY_TE_VO_IN,5
DK_BL,FH,19,FO_SA_GR_IN,1
DK_BL,FH,19,TY_TE_VO_IN,1
DK_BL,KR,13,FO_BO_SK_IN,1
DK_BL,KR,13,FO_SA_GR_IN,5
DK_BL,KR,13,TY_TE_VO_IN,3
DK_BL,KR,14,FO_BO_SK_IN,2
DK_BL,KR,14,FO_SA_GR_IN,3
DK_BL,KR,14,TY_RA_NE_IN,3
DK_BL,KR,14,TY_TE_VO_IN,5
DK_BL,KR,15,FO_BO_SK_IN,8
DK_BL,KR,15,FO_SA_GR_IN,13
DK_BL,KR,15,TY_BO_EX_IN,2
DK_BL,KR,15,TY_RA_NE_IN,1
DK_BL,KR,15,TY_TE_VO_IN,13
DK_BL,KR,16,FO_BO_SK_IN,7
DK_BL,KR,16,FO_SA_GR_IN,14
DK_BL,KR,16,TY_BO_EX_IN,1
DK_BL,KR,16,TY_TE_VO_IN,14
DK_BL,KR,17,FO_SA_GR_IN,5
DK_BL,KR,17,TY_TE_VO_IN,5
DK_BL,KR,18,TY_TE_VO_IN,1
DK_BL,ML,13,FO_BO_SK_IN,4
DK_BL,ML,13,FO_SA_GR_IN,4
DK_BL,ML,14,FO_BO_SK_IN,6
DK_BL,ML,14,FO_SA_GR_IN,8
DK_BL,ML,15,FO_BO_SK_IN,8
DK_BL,ML,15,FO_SA_GR_IN,13
DK_BL,ML,15,FO_TE_QU_IN,1
DK_BL,ML,15,TY_BU_SK_IN,1
DK_BL,ML,15,TY_RA_NE_IN,3
DK_BL,ML,15,TY_TE_VO_IN,7
DK_BL,ML,16,FO_BO_SK_IN,2
DK_BL,ML,16,FO_SA_GR_IN,5
DK_BL,ML,16,TY_RA_NE_IN,2
DK_BL,ML,16,TY_TE_VO_IN,13
DK_BL,ML,17,TY_TE_VO_IN,26
DK_BL,ML,18,TY_TE_VO_IN,7
DK_BL,ML,19,TY_TE_VO_IN,1
DK_BL,SB,13,FO_BO_SK_IN,2
DK_BL,SB,13,FO_SA_GR_IN,6
DK_BL,SB,14,FO_SA_GR_IN,3
DK_BL,SB,15,FO_SA_GR_IN,6
DK_BL,SB,15,TY_BO_EX_IN,1
DK_BL,SB,15,TY_RA_NE_IN,1
DK_BL,SB,15,TY_TE_VO_IN,6
DK_BL,SB,16,FO_BO_SK_IN,1
DK_BL,SB,16,FO_SA_GR_IN,28
DK_BL,SB,16,TY_RA_NE_IN,2
DK_BL,SB,16,TY_TE_VO_IN,22
DK_BL,SB,17,FO_BO_SK_IN,2
DK_BL,SB,17,FO_SA_GR_IN,9
DK_BL,SB,17,TY_RA_NE_IN,2
DK_BL,SB,17,TY_TE_VO_IN,23
DK_BL,SB,18,FO_SA_GR_IN,3
DK_BL,SB,18,TY_RA_NE_IN,1
DK_BL,SB,18,TY_TE_VO_IN,3
DK_BL,SS,12,FO_BO_SK_IN,3
DK_BL,SS,13,FO_BO_SK_IN,6
DK_BL,SS,13,FO_SA_GR_IN,2
DK_BL,SS,13,FO_TE_QU_IN,2
DK_BL,SS,14,FO_BO_SK_IN,11
DK_BL,SS,14,FO_SA_GR_IN,3
DK_BL,SS,14,TY_RA_NE_IN,1
DK_BL,SS,14,TY_TE_VO_IN,1
DK_BL,SS,15,FO_BO_SK_IN,7
DK_BL,SS,15,FO_SA_GR_IN,6
DK_BL,SS,15,TY_RA_NE_IN,6
DK_BL,SS,15,TY_TE_VO_IN,5
DK_BL,SS,16,TY_RA_NE_IN,3
DK_BL,SS,16,TY_TE_VO_IN,26
DK_BL,SS,17,TY_RA_NE_IN,1
DK_BL,SS,17,TY_TE_VO_IN,10
DK_BL,SS,18,TY_TE_VO_IN,2
DK_BL,TD,13,FO_BO_SK_IN,1
DK_BL,TD,13,FO_SA_GR_IN,1
DK_BL,TD,14,FO_BO_SK_IN,5
DK_BL,TD,14,FO_SA_GR_IN,1
DK_BL,TD,15,FO_BO_SK_IN,12
DK_BL,TD,15,FO_SA_GR_IN,3
DK_BL,TD,15,TY_BO_EX_IN,1
DK_BL,TD,15,TY_RA_NE_IN,3
DK_BL,TD,15,TY_TE_VO_IN,3
DK_BL,TD,16,FO_BO_SK_IN,22
DK_BL,TD,16,TY_TE_VO_IN,28
DK_BL,TD,17,FO_BO_SK_IN,9
DK_BL,TD,17,FO_SA_GR_IN,1
DK_BL,TD,17,TY_TE_VO_IN,12
DK_BL,TD,18,TY_TE_VO_IN,4
DK_BL,TS,13,TY_BO_EX_IN,1
DK_BL,TS,13,TY_RA_NE_IN,1
DK_BL,TS,13,TY_TE_VO_IN,3
DK_BL,TS,14,FO_BO_SK_IN,2
DK_BL,TS,14,FO_SA_GR_IN,2
DK_BL,TS,14,TY_BO_EX_IN,1
DK_BL,TS,14,TY_RA_NE_IN,3
DK_BL,TS,14,TY_TE_VO_IN,2
DK_BL,TS,15,FO_BO_SK_IN,6
DK_BL,TS,15,FO_SA_GR_IN,1
DK_BL,TS,15,TY_BO_EX_IN,2
DK_BL,TS,15,TY_RA_NE_IN,4
DK_BL,TS,15,TY_TE_VO_IN,10
DK_BL,TS,16,FO_BO_SK_IN,19
DK_BL,TS,16,FO_SA_GR_IN,7
DK_BL,TS,16,TY_BO_EX_IN,2
DK_BL,TS,16,TY_RA_NE_IN,1
DK_BL,TS,16,TY_TE_VO_IN,10
DK_BL,TS,17,FO_BO_SK_IN,7
DK_BL,TS,17,FO_SA_GR_IN,7
DK_BL,TS,17,TY_TE_VO_IN,1
DK_BL,TS,18,FO_SA_GR_IN,1
DK_BL,UR,14,TY_RA_NE_IN,1
DK_BL,UR,14,TY_TE_VO_IN,1
DK_BL,UR,15,FO_BO_SK_IN,6
DK_BL,UR,15,FO_SA_GR_IN,3
DK_BL,UR,15,TY_BO_EX_IN,1
DK_BL,UR,15,TY_RA_NE_IN,7
DK_BL,UR,15,TY_TE_VO_IN,12
DK_BL,UR,16,FO_BO_SK_IN,4
DK_BL,UR,16,FO_SA_GR_IN,11
DK_BL,UR,16,TY_RA_NE_IN,3
DK_BL,UR,16,TY_TE_VO_IN,12
DK_BL,UR,17,FO_BO_SK_IN,7
DK_BL,UR,17,FO_SA_GR_IN,14
DK_BL,UR,17,TY_RA_NE_IN,1
DK_BL,UR,17,TY_TE_VO_IN,7
DK_BL,UR,18,FO_SA_GR_IN,2
DK_BL,UR,19,FO_SA_GR_IN,2
DK_BL,WM,13,FO_BO_SK_IN,3
DK_BL,WM,13,FO_SA_GR_IN,2
DK_BL,WM,14,FO_BO_SK_IN,5
DK_BL,WM,14,FO_SA_GR_IN,3
DK_BL,WM,15,FO_BO_SK_IN,4
DK_BL,WM,15,FO_SA_GR_IN,6
DK_BL,WM,15,TY_RA_NE_IN,1
DK_BL,WM,15,TY_TE_VO_IN,8
DK_BL,WM,16,FO_BO_SK_IN,7
DK_BL,WM,16,FO_SA_GR_IN,4
DK_BL,WM,16,TY_TE_VO_IN,25
DK_BL,WM,17,FO_BO_SK_IN,3
DK_BL,WM,17,FO_SA_GR_IN,6
DK_BL,WM,17,TY_TE_VO_IN,19
DK_BL,WM,18,FO_BO_SK_IN,1
DK_BL,WM,18,TY_TE_VO_IN,2
DK_BL,WM,19,TY_TE_VO_IN,1
DK_FR,AD,17,FO_SA_GR_IN,2
DK_FR,AD,17,TY_TE_VO_IN,1
DK_FR,FH,16,TY_TE_VO_IN,1
DK_FR,FH,17,TY_TE_VO_IN,2
DK_FR,KR,14,TY_TE_VO_IN,1
DK_FR,KR,15,FO_SA_GR_IN,1
DK_FR,KR,15,TY_BO_EX_IN,1
DK_FR,KR,15,TY_TE_VO_IN,2
DK_FR,KR,16,FO_SA_GR_IN,1
DK_FR,KR,16,TY_TE_VO_IN,2
DK_FR,ML,14,FO_BO_SK_IN,1
DK_FR,ML,15,FO_BO_SK_IN,2
DK_FR,ML,15,FO_SA_GR_IN,1
DK_FR,ML,15,TY_TE_VO_IN,1
DK_FR,ML,16,FO_SA_GR_IN,1
DK_FR,ML,16,TY_TE_VO_IN,1
DK_FR,SB,14,FO_SA_GR_IN,1
DK_FR,SB,17,TY_TE_VO_IN,2
DK_FR,SS,14,FO_BO_SK_IN,1
DK_FR,SS,15,TY_TE_VO_IN,1
DK_FR,SS,16,TY_TE_VO_IN,1
DK_FR,TD,13,FO_SA_GR_IN,1
DK_FR,TD,15,FO_BO_SK_IN,2
DK_FR,TD,16,TY_TE_VO_IN,1
DK_FR,TD,17,TY_TE_VO_IN,1
DK_FR,TS,15,TY_TE_VO_IN,2
DK_FR,TS,16,TY_TE_VO_IN,2
DK_FR,UR,15,TY_TE_VO_IN,2
DK_FR,UR,16,TY_BO_EX_IN,1
DK_FR,WM,14,FO_BO_SK_IN,1
DK_FR,WM,14,FO_SA_GR_IN,1
DK_FR,WM,15,FO_BO_SK_IN,1
DK_FR,WM,15,FO_SA_GR_IN,2
DK_FR,WM,16,TY_TE_VO_IN,2
DK_FR,WM,17,FO_SA_GR_IN,1
DK_FR,WM,17,TY_TE_VO_IN,2
DK_UN,ML,15,FO_TE_QU_IN,1
DK_UN,SS,13,FO_BO_SK_IN,1
DK_UN,TD,16,TY_TE_VO_IN,1
DR_BA,AD,16,FO_BO_SK_IN,3
DR_BA,AD,16,FO_SA_GR_IN,3
DR_BA,AD,16,TY_BO_EX_IN,1
DR_BA,AD,16,TY_RA_NE_IN,1
DR_BA,AD,16,TY_TE_VO_IN,6
DR_BA,AD,17,FO_BO_SK_IN,4
DR_BA,AD,17,FO_SA_GR_IN,14
DR_BA,AD,17,TY_RA_NE_IN,1
DR_BA,AD,17,TY_TE_VO_IN,19
DR_BA,AD,18,FO_BO_SK_IN,1
DR_BA,AD,18,FO_SA_GR_IN,7
DR_BA,AD,18,TY_TE_VO_IN,5
DR_BA,AD,19,FO_SA_GR_IN,1
DR_BA,FH,15,FO_BO_SK_IN,4
DR_BA,FH,15,TY_TE_VO_IN,1
DR_BA,FH,16,FO_BO_SK_IN,5
DR_BA,FH,16,FO_SA_GR_IN,4
DR_BA,FH,16,TY_RA_NE_IN,1
DR_BA,FH,16,TY_TE_VO_IN,20
DR_BA,FH,17,FO_BO_SK_IN,10
DR_BA,FH,17,FO_SA_GR_IN,12
DR_BA,FH,17,TY_RA_NE_IN,2
DR_BA,FH,17,TY_TE_VO_IN,13
DR_BA,FH,18,FO_BO_SK_IN,1
DR_BA,FH,18,FO_SA_GR_IN,6
DR_BA,KR,13,FO_SA_GR_IN,1
DR_BA,KR,13,TY_TE_VO_IN,1
DR_BA,KR,14,FO_BO_SK_IN,2
DR_BA,KR,14,FO_SA_GR_IN,2
DR_BA,KR,14,TY_BO_EX_IN,1
DR_BA,KR,14,TY_RA_NE_IN,1
DR_BA,KR,14,TY_TE_VO_IN,3
DR_BA,KR,15,FO_BO_SK_IN,6
DR_BA,KR,15,FO_SA_GR_IN,7
DR_BA,KR,15,TY_RA_NE_IN,3
DR_BA,KR,15,TY_TE_VO_IN,7
DR_BA,KR,16,FO_BO_SK_IN,3
DR_BA,KR,16,FO_SA_GR_IN,9
DR_BA,KR,16,TY_TE_VO_IN,20
DR_BA,KR,17,FO_SA_GR_IN,5
DR_BA,ML,13,FO_BO_SK_IN,1
DR_BA,ML,13,FO_SA_GR_IN,1
DR_BA,ML,14,FO_BO_SK_IN,2
DR_BA,ML,14,FO_SA_GR_IN,5
DR_BA,ML,15,FO_SA_GR_IN,13
DR_BA,ML,15,TY_RA_NE_IN,2
DR_BA,ML,15,TY_TE_VO_IN,2
DR_BA,ML,16,FO_BO_SK_IN,1
DR_BA,ML,16,FO_SA_GR_IN,4
DR_BA,ML,16,TY_RA_NE_IN,3
DR_BA,ML,16,TY_TE_VO_IN,6
DR_BA,ML,17,TY_TE_VO_IN,18
DR_BA,ML,18,TY_TE_VO_IN,3
DR_BA,SB,14,FO_SA_GR_IN,2
DR_BA,SB,15,FO_SA_GR_IN,1
DR_BA,SB,15,TY_RA_NE_IN,1
DR_BA,SB,15,TY_TE_VO_IN,2
DR_BA,SB,16,FO_BO_SK_IN,1
DR_BA,SB,16,FO_SA_GR_IN,15
DR_BA,SB,16,TY_RA_NE_IN,3
DR_BA,SB,16,TY_TE_VO_IN,15
DR_BA,SB,17,FO_BO_SK_IN,2
DR_BA,SB,17,FO_SA_GR_IN,5
DR_BA,SB,17,TY_RA_NE_IN,2
DR_BA,SB,17,TY_TE_VO_IN,12
DR_BA,SB,18,FO_SA_GR_IN,3
DR_BA,SB,18,TY_RA_NE_IN,1
DR_BA,SB,18,TY_TE_VO_IN,2
DR_BA,SS,13,FO_BO_SK_IN,2
DR_BA,SS,13,FO_SA_GR_IN,1
DR_BA,SS,14,FO_BO_SK_IN,10
DR_BA,SS,15,FO_BO_SK_IN,7
DR_BA,SS,15,FO_SA_GR_IN,2
DR_BA,SS,15,TY_RA_NE_IN,4
DR_BA,SS,15,TY_TE_VO_IN,5
DR_BA,SS,16,FO_BO_SK_IN,1
DR_BA,SS,16,FO_SA_GR_IN,1
DR_BA,SS,16,TY_RA_NE_IN,1
DR_BA,SS,16,TY_TE_VO_IN,16
DR_BA,SS,17,FO_SA_GR_IN,1
DR_BA,SS,17,TY_RA_NE_IN,1
DR_BA,SS,17,TY_TE_VO_IN,5
DR_BA,TD,13,FO_BO_SK_IN,1
DR_BA,TD,13,FO_SA_GR_IN,1
DR_BA,TD,14,FO_BO_SK_IN,2
DR_BA,TD,15,FO_BO_SK_IN,9
DR_BA,TD,15,FO_SA_GR_IN,1
DR_BA,TD,15,TY_RA_NE_IN,1
DR_BA,TD,15,TY_TE_VO_IN,3
DR_BA,TD,16,FO_BO_SK_IN,14
DR_BA,TD,16,FO_SA_GR_IN,1
DR_BA,TD,16,TY_TE_VO_IN,17
DR_BA,TD,17,FO_BO_SK_IN,5
DR_BA,TD,17,FO_SA_GR_IN,1
DR_BA,TD,17,TY_TE_VO_IN,8
DR_BA,TS,13,TY_RA_NE_IN,1
DR_BA,TS,13,TY_TE_VO_IN,1
DR_BA,TS,14,FO_BO_SK_IN,3
DR_BA,TS,14,FO_SA_GR_IN,2
DR_BA,TS,14,TY_RA_NE_IN,1
DR_BA,TS,14,TY_TE_VO_IN,1
DR_BA,TS,15,FO_BO_SK_IN,4
DR_BA,TS,15,FO_SA_GR_IN,2
DR_BA,TS,15,TY_RA_NE_IN,3
DR_BA,TS,15,TY_TE_VO_IN,12
DR_BA,TS,16,FO_BO_SK_IN,12
DR_BA,TS,16,FO_SA_GR_IN,7
DR_BA,TS,16,TY_RA_NE_IN,1
DR_BA,TS,16,TY_TE_VO_IN,10
DR_BA,TS,17,FO_BO_SK_IN,5
DR_BA,TS,17,FO_SA_GR_IN,5
DR_BA,TS,17,TY_TE_VO_IN,2
DR_BA,TS,18,FO_SA_GR_IN,1
DR_BA,UR,14,TY_RA_NE_IN,1
DR_BA,UR,14,TY_TE_VO_IN,1
DR_BA,UR,15,FO_BO_SK_IN,1
DR_BA,UR,15,FO_SA_GR_IN,3
DR_BA,UR,15,TY_BO_EX_IN,2
DR_BA,UR,15,TY_RA_NE_IN,6
DR_BA,UR,15,TY_TE_VO_IN,7
DR_BA,UR,16,FO_BO_SK_IN,2
DR_BA,UR,16,FO_SA_GR_IN,10
DR_BA,UR,16,TY_RA_NE_IN,1
DR_BA,UR,16,TY_TE_VO_IN,12
DR_BA,UR,17,FO_BO_SK_IN,2
DR_BA,UR,17,FO_SA_GR_IN,11
DR_BA,UR,17,TY_RA_NE_IN,1
DR_BA,UR,17,TY_TE_VO_IN,2
DR_BA,UR,18,FO_SA_GR_IN,3
DR_BA,UR,19,FO_SA_GR_IN,1
DR_BA,WM,13,FO_SA_GR_IN,2
DR_BA,WM,14,FO_BO_SK_IN,2
DR_BA,WM,15,FO_BO_SK_IN,4
DR_BA,WM,15,FO_SA_GR_IN,5
DR_BA,WM,15,TY_TE_VO_IN,4
DR_BA,WM,16,FO_BO_SK_IN,2
DR_BA,WM,16,FO_SA_GR_IN,2
DR_BA,WM,16,TY_RA_NE_IN,1
DR_BA,WM,16,TY_TE_VO_IN,13
DR_BA,WM,17,FO_BO_SK_IN,2
DR_BA,WM,17,FO_SA_GR_IN,3
DR_BA,WM,17,TY_TE_VO_IN,8
DR_BA,WM,18,FO_BO_SK_IN,1
DR_BA,WM,18,FO_SA_GR_IN,1
DR_GU,AD,17,TY_BO_EX_IN,1
DR_GU,FH,16,FO_BO_SK_IN,1
DR_GU,FH,16,TY_TE_VO_IN,1
DR_GU,FH,17,TY_TE_VO_IN,1
DR_GU,SB,17,TY_TE_VO_IN,1
DR_GU,SS,13,FO_BO_SK_IN,1
DR_GU,SS,14,FO_SA_GR_IN,1
DR_GU,SS,15,FO_SA_GR_IN,1
DR_GU,TD,15,FO_SA_GR_IN,1
DR_GU,TD,16,TY_TE_VO_IN,1
DR_GU,TS,15,TY_BO_EX_IN,1
DR_GU,TS,15,TY_TE_VO_IN,1
DR_GU,TS,16,TY_TE_VO_IN,1
DR_GU,UR,15,TY_TE_VO_IN,1
DR_GU,UR,16,TY_TE_VO_IN,1
DR_GU,WM,14,FO_BO_SK_IN,1
DR_RE,AD,15,FO_BO_SK_IN,2
DR_RE,AD,15,FO_SA_GR_IN,3
DR_RE,AD,16,FO_SA_GR_IN,4
DR_RE,AD,16,TY_RA_NE_IN,1
DR_RE,AD,16,TY_TE_VO_IN,3
DR_RE,AD,17,FO_BO_SK_IN,3
DR_RE,AD,17,FO_SA_GR_IN,11
DR_RE,AD,17,TY_RA_NE_IN,1
DR_RE,AD,17,TY_TE_VO_IN,17
DR_RE,AD,18,FO_SA_GR_IN,3
DR_RE,AD,18,TY_TE_VO_IN,3
DR_RE,FH,15,FO_BO_SK_IN,2
DR_RE,FH,15,TY_TE_VO_IN,2
DR_RE,FH,16,FO_BO_SK_IN,1
DR_RE,FH,16,FO_SA_GR_IN,1
DR_RE,FH,16,TY_BU_SK_IN,1
DR_RE,FH,16,TY_TE_VO_IN,14
DR_RE,FH,17,FO_BO_SK_IN,4
DR_RE,FH,17,FO_SA_GR_IN,10
DR_RE,FH,17,TY_TE_VO_IN,6
DR_RE,FH,18,FO_SA_GR_IN,3
DR_RE,FH,18,TY_TE_VO_IN,1
DR_RE,KR,13,FO_SA_GR_IN,1
DR_RE,KR,13,TY_TE_VO_IN,1
DR_RE,KR,14,FO_SA_GR_IN,2
DR_RE,KR,14,TY_TE_VO_IN,5
DR_RE,KR,15,FO_BO_SK_IN,6
DR_RE,KR,15,FO_SA_GR_IN,7
DR_RE,KR,15,TY_RA_NE_IN,1
DR_RE,KR,15,TY_TE_VO_IN,7
DR_RE,KR,16,FO_BO_SK_IN,1
DR_RE,KR,16,FO_SA_GR_IN,7
DR_RE,KR,16,TY_BO_EX_IN,1
DR_RE,KR,16,TY_TE_VO_IN,12
DR_RE,KR,17,FO_SA_GR_IN,3
DR_RE,ML,13,FO_BO_SK_IN,1
DR_RE,ML,13,FO_SA_GR_IN,2
DR_RE,ML,14,FO_BO_SK_IN,4
DR_RE,ML,14,FO_SA_GR_IN,7
DR_RE,ML,14,FO_TE_QU_IN,1
DR_RE,ML,15,FO_BO_SK_IN,2
DR_RE,ML,15,FO_SA_GR_IN,8
DR_RE,ML,15,TY_RA_NE_IN,1
DR_RE,ML,15,TY_TE_VO_IN,4
DR_RE,ML,16,FO_SA_GR_IN,2
DR_RE,ML,16,TY_RA_NE_IN,1
DR_RE,ML,16,TY_TE_VO_IN,7
DR_RE,ML,17,TY_TE_VO_IN,9
DR_RE,SB,13,FO_SA_GR_IN,3
DR_RE,SB,14,FO_SA_GR_IN,2
DR_RE,SB,15,FO_SA_GR_IN,5
DR_RE,SB,15,TY_RA_NE_IN,1
DR_RE,SB,15,TY_TE_VO_IN,5
DR_RE,SB,16,FO_SA_GR_IN,9
DR_RE,SB,16,TY_RA_NE_IN,2
DR_RE,SB,16,TY_TE_VO_IN,5
DR_RE,SB,17,FO_SA_GR_IN,3
DR_RE,SB,17,TY_RA_NE_IN,2
DR_RE,SB,17,TY_TE_VO_IN,10
DR_RE,SB,18,FO_SA_GR_IN,2
DR_RE,SS,13,FO_BO_SK_IN,2
DR_RE,SS,13,FO_SA_GR_IN,3
DR_RE,SS,14,FO_BO_SK_IN,6
DR_RE,SS,14,FO_SA_GR_IN,1
DR_RE,SS,14,TY_RA_NE_IN,1
DR_RE,SS,14,TY_TE_VO_IN,2
DR_RE,SS,15,FO_BO_SK_IN,3
DR_RE,SS,15,FO_SA_GR_IN,2
DR_RE,SS,15,TY_RA_NE_IN,2
DR_RE,SS,15,TY_TE_VO_IN,7
DR_RE,SS,16,TY_TE_VO_IN,10
DR_RE,SS,17,FO_SA_GR_IN,1
DR_RE,SS,17,TY_TE_VO_IN,2
DR_RE,TD,13,FO_BO_SK_IN,1
DR_RE,TD,15,FO_BO_SK_IN,9
DR_RE,TD,15,FO_SA_GR_IN,3
DR_RE,TD,15,TY_TE_VO_IN,3
DR_RE,TD,16,FO_BO_SK_IN,10
DR_RE,TD,16,FO_SA_GR_IN,2
DR_RE,TD,16,TY_BO_EX_IN,1
DR_RE,TD,16,TY_TE_VO_IN,18
DR_RE,TD,17,FO_BO_SK_IN,2
DR_RE,TD,17,TY_TE_VO_IN,7
DR_RE,TS,13,TY_BO_EX_IN,3
DR_RE,TS,13,TY_TE_VO_IN,2
DR_RE,TS,14,FO_BO_SK_IN,2
DR_RE,TS,14,FO_SA_GR_IN,2
DR_RE,TS,14,TY_RA_NE_IN,1
DR_RE,TS,14,TY_TE_VO_IN,1
DR_RE,TS,15,FO_BO_SK_IN,3
DR_RE,TS,15,FO_SA_GR_IN,1
DR_RE,TS,15,TY_BO_EX_IN,2
DR_RE,TS,15,TY_RA_NE_IN,3
DR_RE,TS,15,TY_TE_VO_IN,6
DR_RE,TS,16,FO_BO_SK_IN,4
DR_RE,TS,16,FO_SA_GR_IN,9
DR_RE,TS,16,TY_RA_NE_IN,2
DR_RE,TS,16,TY_TE_VO_IN,7
DR_RE,TS,17,FO_BO_SK_IN,4
DR_RE,TS,17,FO_SA_GR_IN,3
DR_RE,TS,18,FO_SA_GR_IN,1
DR_RE,UR,14,TY_BO_EX_IN,1
DR_RE,UR,15,FO_SA_GR_IN,4
DR_RE,UR,15,TY_RA_NE_IN,1
DR_RE,UR,15,TY_TE_VO_IN,4
DR_RE,UR,16,FO_BO_SK_IN,3
DR_RE,UR,16,FO_SA_GR_IN,7
DR_RE,UR,16,TY_TE_VO_IN,6
DR_RE,UR,17,FO_BO_SK_IN,1
DR_RE,UR,17,FO_SA_GR_IN,10
DR_RE,UR,17,TY_TE_VO_IN,1
DR_RE,UR,18,FO_SA_GR_IN,3
DR_RE,UR,19,FO_SA_GR_IN,1
DR_RE,WM,13,FO_SA_GR_IN,1
DR_RE,WM,14,FO_BO_SK_IN,3
DR_RE,WM,14,FO_SA_GR_IN,2
DR_RE,WM,15,FO_BO_SK_IN,2
DR_RE,WM,15,FO_SA_GR_IN,7
DR_RE,WM,15,TY_TE_VO_IN,4
DR_RE,WM,16,FO_BO_SK_IN,1
DR_RE,WM,16,FO_SA_GR_IN,3
DR_RE,WM,16,TY_RA_NE_IN,1
DR_RE,WM,16,TY_TE_VO_IN,16
DR_RE,WM,17,FO_SA_GR_IN,5
DR_RE,WM,17,TY_TE_VO_IN,3
DR_RE,WM,18,FO_SA_GR_IN,1
HU_BM,AD,15,FO_BO_SK_IN,3
HU_BM,AD,15,FO_SA_GR_IN,1
HU_BM,AD,15,TY_BO_EX_IN,1
HU_BM,AD,15,TY_TE_VO_IN,1
HU_BM,AD,16,FO_BO_SK_IN,1
HU_BM,AD,16,FO_SA_GR_IN,1
HU_BM,AD,16,TY_TE_VO_IN,1
HU_BM,AD,17,FO_SA_GR_IN,4
HU_BM,AD,17,TY_TE_VO_IN,3
HU_BM,AD,18,FO_SA_GR_IN,2
HU_BM,AD,19,FO_SA_GR_IN,1
HU_BM,AD,19,TY_TE_VO_IN,2
HU_BM,FH,15,FO_BO_SK_IN,2
HU_BM,FH,15,TY_TE_VO_IN,1
HU_BM,FH,16,FO_BO_SK_IN,2
HU_BM,FH,16,TY_RA_NE_IN,1
HU_BM,FH,16,TY_TE_VO_IN,9
HU_BM,FH,17,FO_SA_GR_IN,3
HU_BM,FH,17,TY_TE_VO_IN,6
HU_BM,FH,18,FO_BO_SK_IN,1
HU_BM,FH,18,FO_SA_GR_IN,1
HU_BM,FH,18,TY_TE_VO_IN,4
HU_BM,FH,19,FO_SA_GR_IN,1
HU_BM,KR,13,FO_BO_SK_IN,1
HU_BM,KR,13,FO_SA_GR_IN,2
HU_BM,KR,13,TY_TE_VO_IN,1
HU_BM,KR,14,FO_BO_SK_IN,2
HU_BM,KR,14,FO_SA_GR_IN,1
HU_BM,KR,14,TY_TE_VO_IN,5
HU_BM,KR,15,FO_BO_SK_IN,2
HU_BM,KR,15,FO_SA_GR_IN,3
HU_BM,KR,15,TY_BO_EX_IN,1
HU_BM,KR,15,TY_RA_NE_IN,1
HU_BM,KR,15,TY_TE_VO_IN,4
HU_BM,KR,16,FO_SA_GR_IN,3
HU_BM,KR,16,TY_TE_VO_IN,6
HU_BM,KR,17,FO_SA_GR_IN,1
HU_BM,KR,17,TY_TE_VO_IN,2
HU_BM,KR,18,TY_TE_VO_IN,1
HU_BM,ML,13,FO_BO_SK_IN,1
HU_BM,ML,14,FO_BO_SK_IN,4
HU_BM,ML,14,FO_SA_GR_IN,6
HU_BM,ML,15,FO_BO_SK_IN,4
HU_BM,ML,15,FO_SA_GR_IN,4
HU_BM,ML,15,FO_TE_QU_IN,1
HU_BM,ML,15,TY_TE_VO_IN,2
HU_BM,ML,16,FO_SA_GR_IN,1
HU_BM,ML,16,TY_TE_VO_IN,7
HU_BM,ML,17,TY_TE_VO_IN,2
HU_BM,ML,18,TY_TE_VO_IN,2
HU_BM,ML,19,TY_TE_VO_IN,1
HU_BM,SB,13,FO_BO_SK_IN,1
HU_BM,SB,13,FO_SA_GR_IN,3
HU_BM,SB,14,FO_SA_GR_IN,3
HU_BM,SB,15,FO_SA_GR_IN,1
HU_BM,SB,15,TY_TE_VO_IN,1
HU_BM,SB,16,FO_SA_GR_IN,7
HU_BM,SB,16,TY_TE_VO_IN,4
HU_BM,SB,17,TY_TE_VO_IN,6
HU_BM,SS,12,FO_BO_SK_IN,1
HU_BM,SS,12,FO_SA_GR_IN,1
HU_BM,SS,14,FO_BO_SK_IN,4
HU_BM,SS,14,FO_SA_GR_IN,2
HU_BM,SS,14,TY_RA_NE_IN,1
HU_BM,SS,14,TY_TE_VO_IN,1
HU_BM,SS,15,FO_BO_SK_IN,2
HU_BM,SS,15,FO_SA_GR_IN,1
HU_BM,SS,15,TY_RA_NE_IN,1
HU_BM,SS,15,TY_TE_VO_IN,1
HU_BM,SS,16,TY_TE_VO_IN,2
HU_BM,SS,17,TY_TE_VO_IN,1
HU_BM,SS,18,TY_TE_VO_IN,1
HU_BM,TD,13,FO_BO_SK_IN,1
HU_BM,TD,15,FO_BO_SK_IN,3
HU_BM,TD,15,TY_TE_VO_IN,1
HU_BM,TD,16,FO_BO_SK_IN,1
HU_BM,TD,16,TY_TE_VO_IN,5
HU_BM,TD,17,TY_TE_VO_IN,3
HU_BM,TD,18,TY_TE_VO_IN,3
HU_BM,TS,13,TY_TE_VO_IN,3
HU_BM,TS,14,FO_BO_SK_IN,1
HU_BM,TS,14,FO_SA_GR_IN,1
HU_BM,TS,14,TY_RA_NE_IN,2
HU_BM,TS,14,TY_TE_VO_IN,1
HU_BM,TS,15,FO_BO_SK_IN,1
HU_BM,TS,15,TY_BO_EX_IN,2
HU_BM,TS,15,TY_TE_VO_IN,5
HU_BM,TS,16,FO_BO_SK_IN,2
HU_BM,TS,16,FO_SA_GR_IN,3
HU_BM,TS,16,TY_TE_VO_IN,2
HU_BM,TS,17,FO_BO_SK_IN,1
HU_BM,TS,17,FO_SA_GR_IN,1
HU_BM,TS,18,FO_SA_GR_IN,1
HU_BM,UR,15,FO_BO_SK_IN,4
HU_BM,UR,15,FO_SA_GR_IN,1
HU_BM,UR,15,TY_RA_NE_IN,1
HU_BM,UR,15,TY_TE_VO_IN,6
HU_BM,UR,16,FO_BO_SK_IN,2
HU_BM,UR,16,FO_SA_GR_IN,1
HU_BM,UR,16,TY_TE_VO_IN,2
HU_BM,UR,17,FO_BO_SK_IN,1
HU_BM,UR,17,FO_SA_GR_IN,3
HU_BM,UR,17,TY_TE_VO_IN,3
HU_BM,UR,18,FO_SA_GR_IN,1
HU_BM,UR,19,FO_SA_GR_IN,2
HU_BM,WM,14,FO_BO_SK_IN,3
HU_BM,WM,15,FO_BO_SK_IN,1
HU_BM,WM,15,FO_SA_GR_IN,5
HU_BM,WM,15,TY_TE_VO_IN,4
HU_BM,WM,16,FO_SA_GR_IN,3
HU_BM,WM,16,TY_TE_VO_IN,6
HU_BM,WM,17,FO_SA_GR_IN,1
HU_BM,WM,17,TY_TE_VO_IN,3
HU_BM,WM,19,TY_TE_VO_IN,1
HU_MM,KR,13,FO_SA_GR_IN,1
HU_MM,KR,14,TY_TE_VO_IN,1
HU_MM,SB,13,FO_SA_GR_IN,1
HU_MM,SB,15,FO_SA_GR_IN,1
HU_MM,SS,14,FO_BO_SK_IN,1
HU_MM,TD,13,FO_BO_SK_IN,1
HU_MM,WM,15,FO_BO_SK_IN,1
HU_SU,AD,16,TY_TE_VO_IN,1
HU_SU,KR,15,FO_BO_SK_IN,1
HU_SU,ML,16,TY_TE_VO_IN,1
HU_SU,TD,16,TY_TE_VO_IN,1
HU_SU,TS,15,TY_TE_VO_IN,1
HU_SU,TS,17,FO_SA_GR_IN,1
HU_SU,WM,14,FO_BO_SK_IN,2
HU_SU,WM,16,TY_TE_VO_IN,1
MA_AR,AD,17,TY_RA_NE_IN,1
MA_AR,AD,17,TY_TE_VO_IN,1
MA_AR,AD,18,TY_TE_VO_IN,2
MA_AR,KR,16,FO_SA_GR_IN,1
MA_AR,SB,13,FO_SA_GR_IN,1
MA_AR,SS,14,FO_BO_SK_IN,2
MA_AR,SS,16,TY_TE_VO_IN,3
MA_AR,TS,16,FO_BO_SK_IN,2
MA_AR,TS,16,FO_SA_GR_IN,1
MA_AR,TS,16,TY_RA_NE_IN,1
MA_AR,TS,16,TY_TE_VO_IN,2
MA_AR,TS,17,FO_BO_SK_IN,1
MA_AR,UR,15,FO_SA_GR_IN,1
MA_AR,UR,15,TY_RA_NE_IN,2
MA_AR,UR,15,TY_TE_VO_IN,2
MA_AR,UR,16,FO_SA_GR_IN,1
MA_AR,UR,16,TY_RA_NE_IN,1
MA_AR,UR,16,TY_TE_VO_IN,8
MA_AR,UR,17,TY_TE_VO_IN,3
MA_AR,WM,14,FO_SA_GR_IN,1
MA_AR,WM,17,TY_TE_VO_IN,1
MA_FI,AD,16,FO_SA_GR_IN,1
MA_FI,AD,17,FO_BO_SK_IN,2
MA_FI,AD,17,FO_SA_GR_IN,5
MA_FI,AD,17,TY_TE_VO_IN,9
MA_FI,AD,18,FO_SA_GR_IN,1
MA_FI,AD,18,TY_TE_VO_IN,3
MA_FI,FH,16,FO_SA_GR_IN,1
MA_FI,FH,16,TY_TE_VO_IN,2
MA_FI,FH,17,FO_SA_GR_IN,5
MA_FI,FH,17,TY_TE_VO_IN,3
MA_FI,FH,18,FO_SA_GR_IN,3
MA_FI,FH,18,TY_TE_VO_IN,1
MA_FI,KR,14,FO_SA_GR_IN,1
MA_FI,KR,15,FO_BO_SK_IN,1
MA_FI,KR,15,FO_SA_GR_IN,2
MA_FI,KR,16,TY_BO_EX_IN,1
MA_FI,KR,16,TY_TE_VO_IN,1
MA_FI,KR,17,TY_TE_VO_IN,2
MA_FI,ML,13,FO_BO_SK_IN,1
MA_FI,ML,13,FO_SA_GR_IN,1
MA_FI,ML,15,FO_BO_SK_IN,3
MA_FI,ML,15,FO_SA_GR_IN,1
MA_FI,ML,16,TY_TE_VO_IN,2
MA_FI,ML,17,TY_TE_VO_IN,4
MA_FI,ML,18,TY_TE_VO_IN,1
MA_FI,SB,13,FO_SA_GR_IN,2
MA_FI,SB,15,FO_SA_GR_IN,1
MA_FI,SB,16,FO_SA_GR_IN,2
MA_FI,SB,17,FO_SA_GR_IN,3
MA_FI,SB,17,TY_TE_VO_IN,3
MA_FI,SB,18,FO_SA_GR_IN,2
MA_FI,SS,13,FO_BO_SK_IN,1
MA_FI,SS,13,FO_SA_GR_IN,1
MA_FI,SS,16,TY_TE_VO_IN,3
MA_FI,SS,17,TY_TE_VO_IN,1
MA_FI,TD,13,FO_SA_GR_IN,1
MA_FI,TD,15,FO_SA_GR_IN,1
MA_FI,TD,16,FO_BO_SK_IN,1
MA_FI,TD,17,FO_BO_SK_IN,1
MA_FI,TS,13,TY_BO_EX_IN,1
MA_FI,TS,14,TY_TE_VO_IN,1
MA_FI,TS,15,TY_BO_EX_IN,2
MA_FI,TS,15,TY_TE_VO_IN,1
MA_FI,TS,16,FO_BO_SK_IN,1
MA_FI,TS,16,FO_SA_GR_IN,4
MA_FI,TS,16,TY_TE_VO_IN,3
MA_FI,TS,17,FO_BO_SK_IN,1
MA_FI,UR,14,TY_TE_VO_IN,1
MA_FI,UR,15,TY_TE_VO_IN,3
MA_FI,UR,16,FO_SA_GR_IN,1
MA_FI,UR,16,TY_TE_VO_IN,8
MA_FI,UR,17,FO_BO_SK_IN,2
MA_FI,UR,17,FO_SA_GR_IN,6
MA_FI,UR,17,TY_TE_VO_IN,3
MA_FI,UR,18,FO_SA_GR_IN,2
MA_FI,WM,13,FO_SA_GR_IN,1
MA_FI,WM,14,FO_SA_GR_IN,1
MA_FI,WM,15,FO_SA_GR_IN,2
MA_FI,WM,16,TY_TE_VO_IN,4
MA_FI,WM,17,FO_SA_GR_IN,1
MA_FI,WM,17,TY_TE_VO_IN,4
MA_FR,AD,15,FO_BO_SK_IN,3
MA_FR,AD,15,FO_SA_GR_IN,5
MA_FR,AD,15,TY_BO_EX_IN,1
MA_FR,AD,15,TY_RA_NE_IN,1
MA_FR,AD,15,TY_TE_VO_IN,1
MA_FR,AD,16,FO_BO_SK_IN,7
MA_FR,AD,16,FO_SA_GR_IN,3
MA_FR,AD,16,TY_BO_EX_IN,3
MA_FR,AD,16,TY_BU_SK_IN,1
MA_FR,AD,16,TY_RA_NE_IN,3
MA_FR,AD,16,TY_TE_VO_IN,9
MA_FR,AD,17,FO_BO_SK_IN,6
MA_FR,AD,17,FO_SA_GR_IN,7
MA_FR,AD,17,TY_BO_EX_IN,1
MA_FR,AD,17,TY_RA_NE_IN,2
MA_FR,AD,17,TY_TE_VO_IN,9
MA_FR,AD,18,FO_SA_GR_IN,3
MA_FR,AD,18,TY_TE_VO_IN,5
MA_FR,FH,15,FO_BO_SK_IN,7
MA_FR,FH,15,FO_SA_GR_IN,1
MA_FR,FH,15,TY_BO_EX_IN,1
MA_FR,FH,15,TY_TE_VO_IN,2
MA_FR,FH,16,FO_BO_SK_IN,8
MA_FR,FH,16,FO_SA_GR_IN,5
MA_FR,FH,16,TY_BU_SK_IN,1
MA_FR,FH,16,TY_RA_NE_IN,2
MA_FR,FH,16,TY_TE_VO_IN,18
MA_FR,FH,17,FO_BO_SK_IN,12
MA_FR,FH,17,FO_SA_GR_IN,8
MA_FR,FH,17,TY_RA_NE_IN,1
MA_FR,FH,17,TY_TE_VO_IN,14
MA_FR,FH,18,FO_BO_SK_IN,2
MA_FR,FH,18,TY_TE_VO_IN,2
MA_FR,FH,19,TY_TE_VO_IN,1
MA_FR,KR,13,FO_BO_SK_IN,1
MA_FR,KR,13,FO_SA_GR_IN,5
MA_FR,KR,13,TY_TE_VO_IN,2
MA_FR,KR,14,FO_BO_SK_IN,2
MA_FR,KR,14,FO_SA_GR_IN,1
MA_FR,KR,14,TY_BO_EX_IN,2
MA_FR,KR,14,TY_RA_NE_IN,2
MA_FR,KR,14,TY_TE_VO_IN,6
MA_FR,KR,15,FO_BO_SK_IN,6
MA_FR,KR,15,FO_SA_GR_IN,5
MA_FR,KR,15,TY_TE_VO_IN,12
MA_FR,KR,16,FO_BO_SK_IN,7
MA_FR,KR,16,FO_SA_GR_IN,6
MA_FR,KR,16,TY_TE_VO_IN,10
MA_FR,KR,17,FO_SA_GR_IN,2
MA_FR,KR,17,TY_TE_VO_IN,1
MA_FR,ML,13,FO_BO_SK_IN,2
MA_FR,ML,13,FO_SA_GR_IN,5
MA_FR,ML,13,FO_TE_QU_IN,1
MA_FR,ML,14,FO_BO_SK_IN,4
MA_FR,ML,14,FO_SA_GR_IN,6
MA_FR,ML,14,FO_TE_QU_IN,1
MA_FR,ML,15,FO_BO_SK_IN,1
MA_FR,ML,15,FO_SA_GR_IN,7
MA_FR,ML,15,FO_TE_QU_IN,1
MA_FR,ML,15,TY_RA_NE_IN,2
MA_FR,ML,15,TY_TE_VO_IN,5
MA_FR,ML,16,FO_SA_GR_IN,3
MA_FR,ML,16,TY_RA_NE_IN,2
MA_FR,ML,16,TY_TE_VO_IN,11
MA_FR,ML,17,TY_TE_VO_IN,20
MA_FR,ML,18,TY_TE_VO_IN,2
MA_FR,SB,13,FO_BO_SK_IN,1
MA_FR,SB,13,FO_SA_GR_IN,1
MA_FR,SB,14,FO_SA_GR_IN,3
MA_FR,SB,15,FO_SA_GR_IN,6
MA_FR,SB,15,TY_BO_EX_IN,1
MA_FR,SB,15,TY_TE_VO_IN,6
MA_FR,SB,16,FO_SA_GR_IN,10
MA_FR,SB,16,TY_RA_NE_IN,2
MA_FR,SB,16,TY_TE_VO_IN,12
MA_FR,SB,17,FO_SA_GR_IN,4
MA_FR,SB,17,TY_RA_NE_IN,3
MA_FR,SB,17,TY_TE_VO_IN,14
MA_FR,SB,18,FO_SA_GR_IN,1
MA_FR,SB,18,TY_TE_VO_IN,2
MA_FR,SS,12,FO_BO_SK_IN,2
MA_FR,SS,12,FO_TE_QU_IN,1
MA_FR,SS,13,FO_BO_SK_IN,9
MA_FR,SS,13,FO_SA_GR_IN,4
MA_FR,SS,13,FO_TE_QU_IN,2
MA_FR,SS,14,FO_BO_SK_IN,9
MA_FR,SS,14,FO_SA_GR_IN,4
MA_FR,SS,14,TY_RA_NE_IN,1
MA_FR,SS,14,TY_TE_VO_IN,2
MA_FR,SS,15,FO_BO_SK_IN,7
MA_FR,SS,15,FO_SA_GR_IN,4
MA_FR,SS,15,TY_RA_NE_IN,8
MA_FR,SS,15,TY_TE_VO_IN,10
MA_FR,SS,16,TY_RA_NE_IN,2
MA_FR,SS,16,TY_TE_VO_IN,22
MA_FR,SS,17,TY_TE_VO_IN,9
MA_FR,SS,18,TY_TE_VO_IN,1
MA_FR,TD,13,FO_BO_SK_IN,2
MA_FR,TD,13,FO_TE_QU_IN,1
MA_FR,TD,14,FO_BO_SK_IN,4
MA_FR,TD,14,FO_SA_GR_IN,1
MA_FR,TD,14,TY_TE_VO_IN,1
MA_FR,TD,15,FO_BO_SK_IN,12
MA_FR,TD,15,FO_SA_GR_IN,3
MA_FR,TD,15,TY_BO_EX_IN,2
MA_FR,TD,15,TY_RA_NE_IN,2
MA_FR,TD,15,TY_TE_VO_IN,8
MA_FR,TD,16,FO_BO_SK_IN,16
MA_FR,TD,16,FO_SA_GR_IN,1
MA_FR,TD,16,TY_BO_EX_IN,1
MA_FR,TD,16,TY_TE_VO_IN,33
MA_FR,TD,17,FO_BO_SK_IN,4
MA_FR,TD,17,TY_TE_VO_IN,12
MA_FR,TD,18,TY_TE_VO_IN,1
MA_FR,TS,13,TY_BO_EX_IN,2
MA_FR,TS,13,TY_TE_VO_IN,2
MA_FR,TS,14,FO_BO_SK_IN,2
MA_FR,TS,14,FO_SA_GR_IN,1
MA_FR,TS,14,TY_BO_EX_IN,2
MA_FR,TS,14,TY_RA_NE_IN,1
MA_FR,TS,14,TY_TE_VO_IN,2
MA_FR,TS,15,FO_BO_SK_IN,3
MA_FR,TS,15,FO_SA_GR_IN,2
MA_FR,TS,15,TY_BO_EX_IN,1
MA_FR,TS,15,TY_RA_NE_IN,3
MA_FR,TS,15,TY_TE_VO_IN,10
MA_FR,TS,16,FO_BO_SK_IN,8
MA_FR,TS,16,FO_SA_GR_IN,4
MA_FR,TS,16,TY_BO_EX_IN,1
MA_FR,TS,16,TY_RA_NE_IN,1
MA_FR,TS,16,TY_TE_VO_IN,3
MA_FR,TS,17,FO_BO_SK_IN,4
MA_FR,TS,17,FO_SA_GR_IN,2
MA_FR,UR,14,TY_BO_EX_IN,2
MA_FR,UR,14,TY_RA_NE_IN,1
MA_FR,UR,15,FO_BO_SK_IN,1
MA_FR,UR,15,FO_SA_GR_IN,7
MA_FR,UR,15,TY_RA_NE_IN,5
MA_FR,UR,15,TY_TE_VO_IN,6
MA_FR,UR,16,FO_BO_SK_IN,5
MA_FR,UR,16,FO_SA_GR_IN,6
MA_FR,UR,16,TY_BO_EX_IN,1
MA_FR,UR,16,TY_RA_NE_IN,1
MA_FR,UR,16,TY_TE_VO_IN,4
MA_FR,UR,17,FO_BO_SK_IN,1
MA_FR,UR,17,FO_SA_GR_IN,7
MA_FR,WM,13,FO_BO_SK_IN,5
MA_FR,WM,13,FO_SA_GR_IN,5
MA_FR,WM,14,FO_BO_SK_IN,6
MA_FR,WM,14,FO_SA_GR_IN,4
MA_FR,WM,15,FO_BO_SK_IN,1
MA_FR,WM,15,FO_SA_GR_IN,9
MA_FR,WM,15,TY_RA_NE_IN,1
MA_FR,WM,15,TY_TE_VO_IN,5
MA_FR,WM,16,FO_BO_SK_IN,4
MA_FR,WM,16,FO_SA_GR_IN,5
MA_FR,WM,16,TY_TE_VO_IN,25
MA_FR,WM,17,FO_BO_SK_IN,1
MA_FR,WM,17,FO_SA_GR_IN,4
MA_FR,WM,17,TY_TE_VO_IN,10
MA_FR,WM,18,FO_SA_GR_IN,1
MA_FR,WM,18,TY_TE_VO_IN,2
MO_BM,AD,15,FO_BO_SK_IN,1
MO_BM,AD,16,FO_SA_GR_IN,2
MO_BM,AD,16,TY_TE_VO_IN,1
MO_BM,AD,17,FO_BO_SK_IN,1
MO_BM,AD,17,FO_SA_GR_IN,3
MO_BM,AD,17,TY_TE_VO_IN,2
MO_BM,AD,18,FO_SA_GR_IN,2
MO_BM,FH,16,TY_TE_VO_IN,1
MO_BM,FH,17,FO_BO_SK_IN,1
MO_BM,FH,17,FO_SA_GR_IN,3
MO_BM,FH,17,TY_TE_VO_IN,1
MO_BM,FH,18,FO_SA_GR_IN,3
MO_BM,KR,14,TY_TE_VO_IN,1
MO_BM,KR,15,FO_BO_SK_IN,1
MO_BM,KR,15,FO_SA_GR_IN,1
MO_BM,KR,15,TY_RA_NE_IN,1
MO_BM,KR,16,FO_BO_SK_IN,1
MO_BM,KR,16,FO_SA_GR_IN,1
MO_BM,KR,16,TY_TE_VO_IN,4
MO_BM,KR,17,FO_SA_GR_IN,2
MO_BM,ML,13,FO_BO_SK_IN,1
MO_BM,ML,13,FO_SA_GR_IN,1
MO_BM,ML,14,FO_BO_SK_IN,3
MO_BM,ML,14,FO_SA_GR_IN,3
MO_BM,ML,15,FO_BO_SK_IN,1
MO_BM,ML,15,FO_SA_GR_IN,1
MO_BM,ML,16,TY_TE_VO_IN,1
MO_BM,ML,17,TY_TE_VO_IN,3
MO_BM,SB,14,FO_SA_GR_IN,1
MO_BM,SB,15,FO_SA_GR_IN,4
MO_BM,SB,16,FO_SA_GR_IN,2
MO_BM,SB,16,TY_RA_NE_IN,2
MO_BM,SB,17,FO_SA_GR_IN,1
MO_BM,SB,17,TY_RA_NE_IN,1
MO_BM,SB,17,TY_TE_VO_IN,2
MO_BM,SB,18,FO_SA_GR_IN,1
MO_BM,SS,13,FO_SA_GR_IN,1
MO_BM,SS,14,FO_BO_SK_IN,1
MO_BM,SS,14,FO_SA_GR_IN,1
MO_BM,SS,15,FO_BO_SK_IN,1
MO_BM,SS,15,TY_RA_NE_IN,1
MO_BM,SS,16,TY_TE_VO_IN,1
MO_BM,SS,17,FO_SA_GR_IN,1
MO_BM,TD,14,FO_BO_SK_IN,1
MO_BM,TD,16,TY_TE_VO_IN,3
MO_BM,TD,17,TY_TE_VO_IN,1
MO_BM,TS,13,TY_BO_EX_IN,1
MO_BM,TS,15,TY_RA_NE_IN,1
MO_BM,TS,15,TY_TE_VO_IN,3
MO_BM,TS,16,FO_SA_GR_IN,4
MO_BM,TS,16,TY_RA_NE_IN,1
MO_BM,TS,16,TY_TE_VO_IN,2
MO_BM,TS,17,FO_BO_SK_IN,1
MO_BM,TS,17,FO_SA_GR_IN,1
MO_BM,TS,18,FO_SA_GR_IN,1
MO_BM,UR,15,FO_SA_GR_IN,1
MO_BM,UR,16,FO_SA_GR_IN,3
MO_BM,UR,16,TY_TE_VO_IN,2
MO_BM,UR,17,FO_SA_GR_IN,5
MO_BM,UR,18,FO_SA_GR_IN,2
MO_BM,UR,19,FO_SA_GR_IN,1
MO_BM,WM,13,FO_BO_SK_IN,1
MO_BM,WM,15,FO_BO_SK_IN,1
MO_BM,WM,15,FO_SA_GR_IN,3
MO_BM,WM,16,FO_SA_GR_IN,3
MO_BM,WM,16,TY_RA_NE_IN,1
MO_BM,WM,16,TY_TE_VO_IN,5
MO_BM,WM,17,FO_SA_GR_IN,2
MO_BM,WM,17,TY_TE_VO_IN,2
MO_BM,WM,18,FO_SA_GR_IN,1
MO_MW,AD,16,FO_SA_GR_IN,1
MO_MW,AD,16,TY_BO_EX_IN,1
MO_MW,AD,17,FO_BO_SK_IN,2
MO_MW,AD,17,FO_SA_GR_IN,3
MO_MW,AD,17,TY_TE_VO_IN,2
MO_MW,AD,18,FO_BO_SK_IN,1
MO_MW,AD,18,FO_SA_GR_IN,4
MO_MW,AD,19,FO_SA_GR_IN,2
MO_MW,AD,19,TY_TE_VO_IN,2
MO_MW,FH,16,TY_TE_VO_IN,3
MO_MW,FH,17,FO_BO_SK_IN,1
MO_MW,FH,17,FO_SA_GR_IN,7
MO_MW,FH,17,TY_TE_VO_IN,3
MO_MW,FH,18,FO_BO_SK_IN,2
MO_MW,FH,18,FO_SA_GR_IN,3
MO_MW,FH,18,TY_TE_VO_IN,3
MO_MW,FH,19,FO_SA_GR_IN,1
MO_MW,KR,13,FO_SA_GR_IN,3
MO_MW,KR,14,FO_SA_GR_IN,1
MO_MW,KR,14,TY_BO_EX_IN,1
MO_MW,KR,14,TY_RA_NE_IN,1
MO_MW,KR,15,FO_SA_GR_IN,6
MO_MW,KR,15,TY_TE_VO_IN,3
MO_MW,KR,16,FO_SA_GR_IN,7
MO_MW,KR,16,TY_TE_VO_IN,4
MO_MW,KR,17,FO_SA_GR_IN,4
MO_MW,KR,17,TY_TE_VO_IN,1
MO_MW,KR,18,TY_TE_VO_IN,1
MO_MW,ML,13,FO_BO_SK_IN,1
MO_MW,ML,13,FO_SA_GR_IN,1
MO_MW,ML,14,FO_BO_SK_IN,2
MO_MW,ML,14,FO_SA_GR_IN,4
MO_MW,ML,15,FO_BO_SK_IN,2
MO_MW,ML,15,FO_SA_GR_IN,3
MO_MW,ML,15,TY_TE_VO_IN,1
MO_MW,ML,16,FO_SA_GR_IN,1
MO_MW,ML,18,TY_TE_VO_IN,2
MO_MW,ML,19,TY_TE_VO_IN,1
MO_MW,SB,13,FO_SA_GR_IN,1
MO_MW,SB,15,FO_SA_GR_IN,2
MO_MW,SB,16,FO_SA_GR_IN,9
MO_MW,SB,16,TY_TE_VO_IN,3
MO_MW,SB,17,FO_SA_GR_IN,3
MO_MW,SB,17,TY_TE_VO_IN,3
MO_MW,SB,18,FO_SA_GR_IN,1
MO_MW,SB,18,TY_RA_NE_IN,1
MO_MW,SS,12,FO_BO_SK_IN,1
MO_MW,SS,13,FO_SA_GR_IN,2
MO_MW,SS,14,FO_BO_SK_IN,3
MO_MW,SS,14,FO_SA_GR_IN,3
MO_MW,SS,15,FO_BO_SK_IN,3
MO_MW,SS,15,FO_SA_GR_IN,2
MO_MW,SS,15,TY_RA_NE_IN,2
MO_MW,SS,16,TY_TE_VO_IN,3
MO_MW,SS,17,TY_RA_NE_IN,1
MO_MW,SS,18,TY_TE_VO_IN,1
MO_MW,TD,14,FO_BO_SK_IN,1
MO_MW,TD,14,FO_SA_GR_IN,1
MO_MW,TD,15,FO_BO_SK_IN,1
MO_MW,TD,15,FO_SA_GR_IN,1
MO_MW,TD,15,TY_RA_NE_IN,1
MO_MW,TD,15,TY_TE_VO_IN,1
MO_MW,TD,16,FO_BO_SK_IN,1
MO_MW,TD,16,FO_SA_GR_IN,1
MO_MW,TD,16,TY_TE_VO_IN,3
MO_MW,TD,17,FO_BO_SK_IN,2
MO_MW,TD,17,FO_SA_GR_IN,1
MO_MW,TD,17,TY_TE_VO_IN,2
MO_MW,TD,18,TY_TE_VO_IN,2
MO_MW,TS,13,TY_RA_NE_IN,1
MO_MW,TS,13,TY_TE_VO_IN,1
MO_MW,TS,15,FO_SA_GR_IN,1
MO_MW,TS,15,TY_TE_VO_IN,6
MO_MW,TS,16,FO_BO_SK_IN,2
MO_MW,TS,16,FO_SA_GR_IN,3
MO_MW,TS,17,FO_BO_SK_IN,1
MO_MW,TS,18,FO_SA_GR_IN,1
MO_MW,UR,14,TY_RA_NE_IN,1
MO_MW,UR,16,FO_SA_GR_IN,3
MO_MW,UR,17,FO_BO_SK_IN,1
MO_MW,UR,17,FO_SA_GR_IN,7
MO_MW,UR,18,FO_SA_GR_IN,1
MO_MW,UR,19,FO_SA_GR_IN,2
MO_MW,WM,13,FO_SA_GR_IN,1
MO_MW,WM,14,FO_SA_GR_IN,1
MO_MW,WM,15,FO_BO_SK_IN,1
MO_MW,WM,15,FO_SA_GR_IN,3
MO_MW,WM,15,TY_TE_VO_IN,1
MO_MW,WM,16,FO_BO_SK_IN,1
MO_MW,WM,16,FO_SA_GR_IN,4
MO_MW,WM,16,TY_TE_VO_IN,2
MO_MW,WM,17,FO_BO_SK_IN,1
MO_MW,WM,17,FO_SA_GR_IN,4
MO_MW,WM,17,TY_TE_VO_IN,2
MO_MW,WM,18,FO_BO_SK_IN,1
MO_MW,WM,19,TY_TE_VO_IN,1
MO_WW,AD,15,FO_BO_SK_IN,1
MO_WW,AD,15,FO_SA_GR_IN,1
MO_WW,AD,15,TY_BO_EX_IN,1
MO_WW,AD,16,FO_BO_SK_IN,3
MO_WW,AD,16,FO_SA_GR_IN,1
MO_WW,AD,16,TY_BO_EX_IN,2
MO_WW,AD,16,TY_TE_VO_IN,1
MO_WW,AD,17,FO_BO_SK_IN,2
MO_WW,AD,17,TY_TE_VO_IN,1
MO_WW,AD,18,TY_TE_VO_IN,3
MO_WW,FH,15,FO_BO_SK_IN,1
MO_WW,FH,16,FO_BO_SK_IN,1
MO_WW,FH,16,FO_SA_GR_IN,1
MO_WW,FH,16,TY_RA_NE_IN,1
MO_WW,FH,17,FO_BO_SK_IN,1
MO_WW,FH,17,TY_TE_VO_IN,2
MO_WW,KR,14,FO_BO_SK_IN,1
MO_WW,KR,14,TY_BO_EX_IN,1
MO_WW,KR,14,TY_RA_NE_IN,1
MO_WW,KR,15,FO_BO_SK_IN,1
MO_WW,KR,15,FO_SA_GR_IN,1
MO_WW,KR,16,FO_BO_SK_IN,1
MO_WW,ML,14,FO_SA_GR_IN,2
MO_WW,ML,15,TY_TE_VO_IN,2
MO_WW,ML,16,FO_SA_GR_IN,1
MO_WW,ML,16,TY_TE_VO_IN,2
MO_WW,ML,17,TY_TE_VO_IN,3
MO_WW,SB,13,FO_BO_SK_IN,1
MO_WW,SB,13,FO_SA_GR_IN,1
MO_WW,SB,15,TY_BO_EX_IN,1
MO_WW,SB,15,TY_TE_VO_IN,1
MO_WW,SB,16,TY_RA_NE_IN,1
MO_WW,SB,16,TY_TE_VO_IN,2
MO_WW,SB,17,TY_TE_VO_IN,1
MO_WW,SS,13,FO_SA_GR_IN,2
MO_WW,SS,14,FO_SA_GR_IN,1
MO_WW,SS,15,FO_SA_GR_IN,2
MO_WW,SS,15,TY_RA_NE_IN,2
MO_WW,SS,16,FO_SA_GR_IN,1
MO_WW,SS,16,TY_TE_VO_IN,1
MO_WW,SS,17,TY_TE_VO_IN,1
MO_WW,SS,18,TY_TE_VO_IN,1
MO_WW,TD,14,FO_BO_SK_IN,1
MO_WW,TD,15,FO_BO_SK_IN,1
MO_WW,TD,15,TY_BO_EX_IN,1
MO_WW,TD,15,TY_RA_NE_IN,1
MO_WW,TD,15,TY_TE_VO_IN,1
MO_WW,TD,16,FO_BO_SK_IN,2
MO_WW,TD,16,TY_TE_VO_IN,1
MO_WW,TD,17,FO_BO_SK_IN,1
MO_WW,TS,14,TY_RA_NE_IN,1
MO_WW,TS,15,FO_BO_SK_IN,2
MO_WW,TS,15,TY_TE_VO_IN,3
MO_WW,TS,16,FO_BO_SK_IN,1
MO_WW,TS,16,TY_BO_EX_IN,1
MO_WW,TS,16,TY_TE_VO_IN,1
MO_WW,TS,17,FO_BO_SK_IN,1
MO_WW,TS,17,FO_SA_GR_IN,1
MO_WW,TS,17,TY_TE_VO_IN,1
MO_WW,UR,14,TY_RA_NE_IN,1
MO_WW,UR,15,FO_BO_SK_IN,2
MO_WW,UR,15,TY_RA_NE_IN,2
MO_WW,UR,15,TY_TE_VO_IN,4
MO_WW,UR,16,FO_BO_SK_IN,1
MO_WW,UR,16,FO_SA_GR_IN,1
MO_WW,UR,16,TY_RA_NE_IN,2
MO_WW,UR,17,FO_SA_GR_IN,1
MO_WW,UR,17,TY_RA_NE_IN,1
MO_WW,UR,17,TY_TE_VO_IN,2
MO_WW,WM,13,FO_SA_GR_IN,2
MO_WW,WM,15,TY_RA_NE_IN,1
MO_WW,WM,15,TY_TE_VO_IN,1
MO_WW,WM,16,FO_SA_GR_IN,1
MO_WW,WM,16,TY_TE_VO_IN,2
MO_WW,WM,17,TY_TE_VO_IN,2
PA_HO,AD,15,FO_BO_SK_IN,1
PA_HO,AD,15,FO_SA_GR_IN,2
PA_HO,AD,15,TY_TE_VO_IN,1
PA_HO,AD,16,FO_BO_SK_IN,4
PA_HO,AD,16,FO_SA_GR_IN,1
PA_HO,AD,16,TY_BU_SK_IN,1
PA_HO,AD,16,TY_RA_NE_IN,3
PA_HO,AD,16,TY_TE_VO_IN,4
PA_HO,AD,17,FO_SA_GR_IN,4
PA_HO,AD,17,TY_TE_VO_IN,3
PA_HO,AD,18,FO_SA_GR_IN,4
PA_HO,AD,18,TY_TE_VO_IN,2
PA_HO,FH,15,FO_BO_SK_IN,2
PA_HO,FH,15,FO_SA_GR_IN,1
PA_HO,FH,15,TY_TE_VO_IN,1
PA_HO,FH,16,FO_BO_SK_IN,2
PA_HO,FH,16,FO_SA_GR_IN,4
PA_HO,FH,16,TY_RA_NE_IN,1
PA_HO,FH,16,TY_TE_VO_IN,10
PA_HO,FH,17,FO_BO_SK_IN,2
PA_HO,FH,17,FO_SA_GR_IN,5
PA_HO,FH,17,TY_RA_NE_IN,1
PA_HO,FH,17,TY_TE_VO_IN,6
PA_HO,FH,18,FO_SA_GR_IN,2
PA_HO,FH,18,TY_TE_VO_IN,1
PA_HO,KR,13,FO_BO_SK_IN,1
PA_HO,KR,13,FO_SA_GR_IN,1
PA_HO,KR,13,TY_TE_VO_IN,1
PA_HO,KR,14,FO_BO_SK_IN,1
PA_HO,KR,14,FO_SA_GR_IN,1
PA_HO,KR,14,TY_RA_NE_IN,1
PA_HO,KR,14,TY_TE_VO_IN,2
PA_HO,KR,15,FO_SA_GR_IN,3
PA_HO,KR,15,TY_RA_NE_IN,1
PA_HO,KR,15,TY_TE_VO_IN,5
PA_HO,KR,16,FO_SA_GR_IN,4
PA_HO,KR,16,TY_TE_VO_IN,4
PA_HO,ML,13,FO_BO_SK_IN,3
PA_HO,ML,13,FO_SA_GR_IN,2
PA_HO,ML,13,FO_TE_QU_IN,1
PA_HO,ML,14,FO_BO_SK_IN,2
PA_HO,ML,15,FO_BO_SK_IN,1
PA_HO,ML,15,FO_SA_GR_IN,1
PA_HO,ML,15,FO_TE_QU_IN,1
PA_HO,ML,15,TY_RA_NE_IN,1
PA_HO,ML,15,TY_TE_VO_IN,1
PA_HO,ML,16,FO_SA_GR_IN,1
PA_HO,ML,16,TY_RA_NE_IN,3
PA_HO,ML,16,TY_TE_VO_IN,6
PA_HO,ML,17,TY_TE_VO_IN,5
PA_HO,SB,13,FO_SA_GR_IN,1
PA_HO,SB,14,FO_SA_GR_IN,3
PA_HO,SB,15,FO_SA_GR_IN,3
PA_HO,SB,15,TY_TE_VO_IN,1
PA_HO,SB,16,FO_SA_GR_IN,11
PA_HO,SB,16,TY_RA_NE_IN,1
PA_HO,SB,16,TY_TE_VO_IN,11
PA_HO,SB,17,FO_SA_GR_IN,3
PA_HO,SB,17,TY_RA_NE_IN,1
PA_HO,SB,17,TY_TE_VO_IN,4
PA_HO,SB,18,FO_SA_GR_IN,2
PA_HO,SS,12,FO_TE_QU_IN,1
PA_HO,SS,13,FO_BO_SK_IN,4
PA_HO,SS,13,FO_TE_QU_IN,2
PA_HO,SS,14,FO_BO_SK_IN,1
PA_HO,SS,15,TY_RA_NE_IN,3
PA_HO,SS,15,TY_TE_VO_IN,3
PA_HO,SS,16,TY_RA_NE_IN,2
PA_HO,SS,16,TY_TE_VO_IN,4
PA_HO,SS,17,TY_TE_VO_IN,4
PA_HO,TD,13,FO_BO_SK_IN,1
PA_HO,TD,13,FO_SA_GR_IN,2
PA_HO,TD,13,FO_TE_QU_IN,1
PA_HO,TD,14,FO_BO_SK_IN,2
PA_HO,TD,14,FO_SA_GR_IN,1
PA_HO,TD,14,TY_TE_VO_IN,1
PA_HO,TD,15,FO_BO_SK_IN,3
PA_HO,TD,15,TY_BO_EX_IN,1
PA_HO,TD,15,TY_RA_NE_IN,1
PA_HO,TD,15,TY_TE_VO_IN,2
PA_HO,TD,16,FO_BO_SK_IN,5
PA_HO,TD,16,TY_TE_VO_IN,7
PA_HO,TD,17,TY_TE_VO_IN,2
PA_HO,TS,13,TY_TE_VO_IN,1
PA_HO,TS,14,FO_SA_GR_IN,2
PA_HO,TS,14,TY_BO_EX_IN,1
PA_HO,TS,14,TY_TE_VO_IN,2
PA_HO,TS,15,FO_BO_SK_IN,1
PA_HO,TS,15,FO_SA_GR_IN,2
PA_HO,TS,15,TY_BO_EX_IN,1
PA_HO,TS,15,TY_RA_NE_IN,2
PA_HO,TS,15,TY_TE_VO_IN,4
PA_HO,TS,16,FO_BO_SK_IN,5
PA_HO,TS,16,FO_SA_GR_IN,2
PA_HO,TS,16,TY_TE_VO_IN,3
PA_HO,TS,17,FO_BO_SK_IN,1
PA_HO,TS,17,FO_SA_GR_IN,3
PA_HO,UR,14,TY_BO_EX_IN,1
PA_HO,UR,14,TY_TE_VO_IN,2
PA_HO,UR,15,FO_SA_GR_IN,3
PA_HO,UR,15,TY_BO_EX_IN,1
PA_HO,UR,15,TY_RA_NE_IN,3
PA_HO,UR,15,TY_TE_VO_IN,5
PA_HO,UR,16,FO_BO_SK_IN,1
PA_HO,UR,16,FO_SA_GR_IN,6
PA_HO,UR,16,TY_TE_VO_IN,3
PA_HO,UR,17,FO_SA_GR_IN,5
PA_HO,UR,18,FO_SA_GR_IN,1
PA_HO,WM,13,FO_BO_SK_IN,2
PA_HO,WM,13,FO_SA_GR_IN,2
PA_HO,WM,14,FO_BO_SK_IN,2
PA_HO,WM,14,FO_SA_GR_IN,1
PA_HO,WM,15,FO_BO_SK_IN,1
PA_HO,WM,15,FO_SA_GR_IN,1
PA_HO,WM,15,TY_TE_VO_IN,2
PA_HO,WM,16,FO_BO_SK_IN,1
PA_HO,WM,16,TY_TE_VO_IN,10
PA_HO,WM,17,TY_TE_VO_IN,2
PA_PR,AD,15,FO_SA_GR_IN,2
PA_PR,AD,17,FO_SA_GR_IN,2
PA_PR,AD,17,TY_RA_NE_IN,1
PA_PR,AD,17,TY_TE_VO_IN,1
PA_PR,AD,18,FO_SA_GR_IN,1
PA_PR,AD,18,TY_TE_VO_IN,1
PA_PR,FH,15,TY_TE_VO_IN,2
PA_PR,FH,16,TY_TE_VO_IN,1
PA_PR,KR,15,FO_SA_GR_IN,2
PA_PR,KR,15,TY_TE_VO_IN,1
PA_PR,KR,16,FO_SA_GR_IN,3
PA_PR,KR,16,TY_TE_VO_IN,3
PA_PR,ML,14,FO_SA_GR_IN,4
PA_PR,ML,14,FO_TE_QU_IN,1
PA_PR,ML,15,FO_SA_GR_IN,1
PA_PR,ML,16,FO_SA_GR_IN,2
PA_PR,ML,16,TY_TE_VO_IN,1
PA_PR,SB,15,FO_SA_GR_IN,1
PA_PR,SB,17,TY_TE_VO_IN,2
PA_PR,SS,12,FO_SA_GR_IN,1
PA_PR,SS,14,FO_BO_SK_IN,5
PA_PR,SS,14,TY_RA_NE_IN,1
PA_PR,SS,15,FO_BO_SK_IN,2
PA_PR,TD,14,FO_BO_SK_IN,1
PA_PR,TD,15,FO_BO_SK_IN,1
PA_PR,TD,16,FO_SA_GR_IN,1
PA_PR,TD,16,TY_TE_VO_IN,1
PA_PR,TD,17,TY_TE_VO_IN,2
PA_PR,TS,13,TY_TE_VO_IN,2
PA_PR,TS,14,FO_BO_SK_IN,3
PA_PR,TS,14,FO_SA_GR_IN,1
PA_PR,TS,15,FO_BO_SK_IN,1
PA_PR,TS,15,FO_SA_GR_IN,2
PA_PR,TS,15,TY_BO_EX_IN,1
PA_PR,TS,15,TY_RA_NE_IN,1
PA_PR,TS,15,TY_TE_VO_IN,2
PA_PR,TS,16,FO_BO_SK_IN,1
PA_PR,TS,16,FO_SA_GR_IN,1
PA_PR,TS,16,TY_RA_NE_IN,1
PA_PR,TS,16,TY_TE_VO_IN,2
PA_PR,TS,17,TY_TE_VO_IN,1
PA_PR,UR,14,TY_RA_NE_IN,1
PA_PR,UR,14,TY_TE_VO_IN,1
PA_PR,UR,15,FO_SA_GR_IN,1
PA_PR,UR,15,TY_RA_NE_IN,2
PA_PR,UR,15,TY_TE_VO_IN,2
PA_PR,UR,16,TY_TE_VO_IN,1
PA_PR,UR,17,FO_SA_GR_IN,1
PA_PR,WM,13,FO_SA_GR_IN,1
PA_PR,WM,14,FO_BO_SK_IN,2
PA_PR,WM,15,FO_BO_SK_IN,1
PA_PR,WM,15,FO_SA_GR_IN,4
PA_PR,WM,16,FO_SA_GR_IN,2
PA_RE,AD,15,FO_SA_GR_IN,1
PA_RE,KR,13,FO_SA_GR_IN,1
PA_RE,KR,13,TY_TE_VO_IN,1
PA_RE,KR,14,FO_SA_GR_IN,3
PA_RE,KR,14,TY_TE_VO_IN,1
PA_RE,KR,16,TY_TE_VO_IN,1
PA_RE,ML,14,FO_BO_SK_IN,1
PA_RE,ML,14,FO_SA_GR_IN,2
PA_RE,ML,15,FO_BO_SK_IN,2
PA_RE,ML,15,TY_TE_VO_IN,1
PA_RE,ML,16,FO_BO_SK_IN,1
PA_RE,SB,13,FO_BO_SK_IN,1
PA_RE,SB,13,FO_SA_GR_IN,1
PA_RE,SB,14,FO_SA_GR_IN,1
PA_RE,SB,15,TY_TE_VO_IN,1
PA_RE,SB,16,TY_TE_VO_IN,1
PA_RE,SS,13,FO_SA_GR_IN,1
PA_RE,SS,14,FO_BO_SK_IN,1
PA_RE,SS,15,FO_BO_SK_IN,1
PA_RE,SS,15,FO_SA_GR_IN,1
PA_RE,TD,15,FO_BO_SK_IN,2
PA_RE,TS,13,TY_TE_VO_IN,1
PA_RE,TS,16,FO_BO_SK_IN,1
PA_RE,TS,16,TY_TE_VO_IN,1
PA_RE,UR,16,FO_BO_SK_IN,1
PA_RE,UR,16,TY_TE_VO_IN,2
PA_RE,WM,14,FO_BO_SK_IN,1
PA_RE,WM,15,TY_TE_VO_IN,1
PR_DI,AD,15,FO_BO_SK_IN,2
PR_DI,AD,15,FO_SA_GR_IN,1
PR_DI,AD,15,TY_BO_EX_IN,1
PR_DI,AD,15,TY_RA_NE_IN,1
PR_DI,AD,15,TY_TE_VO_IN,1
PR_DI,AD,16,FO_BO_SK_IN,5
PR_DI,AD,16,FO_SA_GR_IN,2
PR_DI,AD,16,TY_BO_EX_IN,2
PR_DI,AD,16,TY_TE_VO_IN,5
PR_DI,AD,17,FO_BO_SK_IN,9
PR_DI,AD,17,FO_SA_GR_IN,4
PR_DI,AD,17,TY_BO_EX_IN,1
PR_DI,AD,17,TY_RA_NE_IN,2
PR_DI,AD,17,TY_TE_VO_IN,15
PR_DI,AD,18,FO_SA_GR_IN,1
PR_DI,AD,18,TY_TE_VO_IN,8
PR_DI,FH,15,FO_BO_SK_IN,5
PR_DI,FH,15,TY_BO_EX_IN,1
PR_DI,FH,15,TY_TE_VO_IN,1
PR_DI,FH,16,FO_BO_SK_IN,7
PR_DI,FH,16,FO_SA_GR_IN,1
PR_DI,FH,16,TY_RA_NE_IN,1
PR_DI,FH,16,TY_TE_VO_IN,7
PR_DI,FH,17,FO_BO_SK_IN,8
PR_DI,FH,17,FO_SA_GR_IN,4
PR_DI,FH,17,TY_RA_NE_IN,1
PR_DI,FH,17,TY_TE_VO_IN,12
PR_DI,FH,18,FO_BO_SK_IN,2
PR_DI,FH,18,TY_TE_VO_IN,2
PR_DI,FH,19,TY_TE_VO_IN,1
PR_DI,KR,13,FO_BO_SK_IN,1
PR_DI,KR,13,TY_TE_VO_IN,1
PR_DI,KR,14,FO_BO_SK_IN,3
PR_DI,KR,14,FO_SA_GR_IN,1
PR_DI,KR,14,TY_BO_EX_IN,1
PR_DI,KR,14,TY_RA_NE_IN,2
PR_DI,KR,14,TY_TE_VO_IN,1
PR_DI,KR,15,FO_BO_SK_IN,6
PR_DI,KR,15,FO_SA_GR_IN,1
PR_DI,KR,15,TY_BO_EX_IN,2
PR_DI,KR,15,TY_RA_NE_IN,1
PR_DI,KR,15,TY_TE_VO_IN,6
PR_DI,KR,16,FO_BO_SK_IN,7
PR_DI,KR,16,FO_SA_GR_IN,1
PR_DI,KR,16,TY_TE_VO_IN,7
PR_DI,KR,17,TY_TE_VO_IN,4
PR_DI,ML,13,FO_BO_SK_IN,1
PR_DI,ML,13,FO_SA_GR_IN,1
PR_DI,ML,14,FO_BO_SK_IN,2
PR_DI,ML,14,FO_SA_GR_IN,5
PR_DI,ML,15,FO_BO_SK_IN,5
PR_DI,ML,15,FO_SA_GR_IN,5
PR_DI,ML,15,TY_BU_SK_IN,1
PR_DI,ML,15,TY_RA_NE_IN,1
PR_DI,ML,15,TY_TE_VO_IN,1
PR_DI,ML,16,FO_BO_SK_IN,2
PR_DI,ML,16,FO_SA_GR_IN,2
PR_DI,ML,16,TY_TE_VO_IN,6
PR_DI,ML,17,TY_TE_VO_IN,22
PR_DI,ML,18,TY_TE_VO_IN,5
PR_DI,SB,13,FO_BO_SK_IN,1
PR_DI,SB,13,FO_SA_GR_IN,2
PR_DI,SB,14,FO_SA_GR_IN,2
PR_DI,SB,15,TY_BO_EX_IN,1
PR_DI,SB,15,TY_TE_VO_IN,2
PR_DI,SB,16,FO_BO_SK_IN,1
PR_DI,SB,16,FO_SA_GR_IN,2
PR_DI,SB,16,TY_RA_NE_IN,1
PR_DI,SB,16,TY_TE_VO_IN,7
PR_DI,SB,17,FO_BO_SK_IN,2
PR_DI,SB,17,FO_SA_GR_IN,3
PR_DI,SB,17,TY_RA_NE_IN,1
PR_DI,SB,17,TY_TE_VO_IN,14
PR_DI,SB,18,TY_TE_VO_IN,3
PR_DI,SS,12,FO_BO_SK_IN,2
PR_DI,SS,12,FO_SA_GR_IN,1
PR_DI,SS,13,FO_BO_SK_IN,6
PR_DI,SS,13,FO_SA_GR_IN,2
PR_DI,SS,13,FO_TE_QU_IN,1
PR_DI,SS,14,FO_BO_SK_IN,9
PR_DI,SS,14,FO_SA_GR_IN,3
PR_DI,SS,14,TY_RA_NE_IN,1
PR_DI,SS,15,FO_BO_SK_IN,9
PR_DI,SS,15,FO_SA_GR_IN,4
PR_DI,SS,15,TY_RA_NE_IN,3
PR_DI,SS,15,TY_TE_VO_IN,2
PR_DI,SS,16,FO_SA_GR_IN,1
PR_DI,SS,16,TY_RA_NE_IN,1
PR_DI,SS,16,TY_TE_VO_IN,18
PR_DI,SS,17,TY_TE_VO_IN,7
PR_DI,SS,18,TY_TE_VO_IN,1
PR_DI,TD,13,FO_BO_SK_IN,1
PR_DI,TD,14,FO_BO_SK_IN,4
PR_DI,TD,15,FO_BO_SK_IN,6
PR_DI,TD,15,TY_BO_EX_IN,1
PR_DI,TD,15,TY_RA_NE_IN,2
PR_DI,TD,15,TY_TE_VO_IN,1
PR_DI,TD,16,FO_BO_SK_IN,12
PR_DI,TD,16,TY_TE_VO_IN,13
PR_DI,TD,17,FO_BO_SK_IN,5
PR_DI,TD,17,TY_TE_VO_IN,7
PR_DI,TD,18,TY_TE_VO_IN,2
PR_DI,TS,13,TY_TE_VO_IN,1
PR_DI,TS,14,FO_BO_SK_IN,3
PR_DI,TS,14,TY_BO_EX_IN,1
PR_DI,TS,14,TY_RA_NE_IN,2
PR_DI,TS,14,TY_TE_VO_IN,2
PR_DI,TS,15,FO_BO_SK_IN,4
PR_DI,TS,15,FO_SA_GR_IN,1
PR_DI,TS,15,TY_BO_EX_IN,2
PR_DI,TS,15,TY_RA_NE_IN,1
PR_DI,TS,15,TY_TE_VO_IN,8
PR_DI,TS,16,FO_BO_SK_IN,11
PR_DI,TS,16,FO_SA_GR_IN,2
PR_DI,TS,16,TY_BO_EX_IN,2
PR_DI,TS,16,TY_RA_NE_IN,1
PR_DI,TS,16,TY_TE_VO_IN,8
PR_DI,TS,17,FO_BO_SK_IN,4
PR_DI,TS,17,FO_SA_GR_IN,2
PR_DI,TS,17,TY_TE_VO_IN,2
PR_DI,UR,14,TY_BO_EX_IN,1
PR_DI,UR,14,TY_RA_NE_IN,1
PR_DI,UR,14,TY_TE_VO_IN,1
PR_DI,UR,15,FO_BO_SK_IN,6
PR_DI,UR,15,FO_SA_GR_IN,2
PR_DI,UR,15,TY_BO_EX_IN,1
PR_DI,UR,15,TY_RA_NE_IN,4
PR_DI,UR,15,TY_TE_VO_IN,8
PR_DI,UR,16,FO_BO_SK_IN,2
PR_DI,UR,16,FO_SA_GR_IN,3
PR_DI,UR,16,TY_BO_EX_IN,1
PR_DI,UR,16,TY_RA_NE_IN,2
PR_DI,UR,16,TY_TE_VO_IN,7
PR_DI,UR,17,FO_BO_SK_IN,5
PR_DI,UR,17,FO_SA_GR_IN,1
PR_DI,UR,17,TY_TE_VO_IN,4
PR_DI,WM,13,FO_BO_SK_IN,2
PR_DI,WM,13,FO_SA_GR_IN,2
PR_DI,WM,14,FO_BO_SK_IN,6
PR_DI,WM,14,FO_SA_GR_IN,1
PR_DI,WM,15,FO_BO_SK_IN,3
PR_DI,WM,15,FO_SA_GR_IN,4
PR_DI,WM,15,TY_RA_NE_IN,1
PR_DI,WM,15,TY_TE_VO_IN,4
PR_DI,WM,16,FO_BO_SK_IN,4
PR_DI,WM,16,FO_SA_GR_IN,2
PR_DI,WM,16,TY_TE_VO_IN,12
PR_DI,WM,17,FO_BO_SK_IN,2
PR_DI,WM,17,TY_TE_VO_IN,17
PR_DI,WM,18,TY_TE_VO_IN,2
PR_HO,ML,13,FO_SA_GR_IN,1
PR_HO,SB,13,FO_SA_GR_IN,1
PR_HO,SB,14,FO_SA_GR_IN,1
PR_HO,UR,17,FO_SA_GR_IN,1
PR_HO,WM,14,FO_SA_GR_IN,1
PR_HO,WM,16,FO_SA_GR_IN,1
PR_SH,AD,15,TY_RA_NE_IN,1
PR_SH,FH,17,TY_TE_VO_IN,1
PR_SH,KR,15,TY_TE_VO_IN,1
PR_SH,KR,16,TY_TE_VO_IN,2
PR_SH,ML,13,FO_BO_SK_IN,1
PR_SH,ML,14,FO_BO_SK_IN,1
PR_SH,SB,15,TY_TE_VO_IN,1
PR_SH,SB,17,TY_TE_VO_IN,1
PR_SH,SS,13,FO_SA_GR_IN,1
PR_SH,SS,14,FO_BO_SK_IN,1
PR_SH,SS,16,FO_BO_SK_IN,1
PR_SH,TD,14,FO_BO_SK_IN,1
PR_SH,TD,17,TY_TE_VO_IN,1
PR_SH,TS,16,TY_TE_VO_IN,1
PR_SH,UR,16,TY_TE_VO_IN,4
PR_SH,UR,17,TY_TE_VO_IN,1
PR_SH,WM,13,FO_SA_GR_IN,1
PR_SH,WM,15,FO_BO_SK_IN,1
PR_SH,WM,15,TY_TE_VO_IN,1
RO_AS,AD,15,FO_BO_SK_IN,2
RO_AS,AD,15,TY_TE_VO_IN,1
RO_AS,AD,16,FO_BO_SK_IN,4
RO_AS,AD,16,FO_SA_GR_IN,3
RO_AS,AD,16,TY_BU_SK_IN,1
RO_AS,AD,16,TY_RA_NE_IN,4
RO_AS,AD,16,TY_TE_VO_IN,4
RO_AS,AD,17,FO_BO_SK_IN,13
RO_AS,AD,17,FO_SA_GR_IN,12
RO_AS,AD,17,TY_BO_EX_IN,1
RO_AS,AD,17,TY_RA_NE_IN,2
RO_AS,AD,17,TY_TE_VO_IN,23
RO_AS,AD,18,FO_SA_GR_IN,4
RO_AS,AD,18,TY_TE_VO_IN,4
RO_AS,FH,15,FO_BO_SK_IN,6
RO_AS,FH,15,FO_SA_GR_IN,1
RO_AS,FH,15,TY_TE_VO_IN,2
RO_AS,FH,16,FO_BO_SK_IN,6
RO_AS,FH,16,FO_SA_GR_IN,2
RO_AS,FH,16,TY_BU_SK_IN,1
RO_AS,FH,16,TY_TE_VO_IN,25
RO_AS,FH,17,FO_BO_SK_IN,9
RO_AS,FH,17,FO_SA_GR_IN,17
RO_AS,FH,17,TY_RA_NE_IN,1
RO_AS,FH,17,TY_TE_VO_IN,19
RO_AS,FH,18,FO_BO_SK_IN,4
RO_AS,FH,18,FO_SA_GR_IN,5
RO_AS,FH,18,TY_TE_VO_IN,6
RO_AS,FH,19,FO_SA_GR_IN,1
RO_AS,KR,13,FO_BO_SK_IN,1
RO_AS,KR,13,TY_TE_VO_IN,1
RO_AS,KR,14,FO_BO_SK_IN,1
RO_AS,KR,14,FO_SA_GR_IN,2
RO_AS,KR,14,TY_RA_NE_IN,3
RO_AS,KR,14,TY_TE_VO_IN,2
RO_AS,KR,15,FO_BO_SK_IN,9
RO_AS,KR,15,FO_SA_GR_IN,12
RO_AS,KR,15,TY_BO_EX_IN,1
RO_AS,KR,15,TY_RA_NE_IN,2
RO_AS,KR,15,TY_TE_VO_IN,14
RO_AS,KR,16,FO_BO_SK_IN,8
RO_AS,KR,16,FO_SA_GR_IN,16
RO_AS,KR,16,TY_BO_EX_IN,1
RO_AS,KR,16,TY_TE_VO_IN,21
RO_AS,KR,17,FO_SA_GR_IN,5
RO_AS,KR,17,TY_TE_VO_IN,4
RO_AS,KR,18,TY_TE_VO_IN,1
RO_AS,ML,13,FO_BO_SK_IN,2
RO_AS,ML,13,FO_SA_GR_IN,3
RO_AS,ML,13,FO_TE_QU_IN,1
RO_AS,ML,14,FO_BO_SK_IN,5
RO_AS,ML,14,FO_SA_GR_IN,4
RO_AS,ML,15,FO_BO_SK_IN,4
RO_AS,ML,15,FO_SA_GR_IN,3
RO_AS,ML,15,TY_BU_SK_IN,1
RO_AS,ML,15,TY_RA_NE_IN,1
RO_AS,ML,15,TY_TE_VO_IN,1
RO_AS,ML,16,FO_BO_SK_IN,1
RO_AS,ML,16,FO_SA_GR_IN,2
RO_AS,ML,16,TY_RA_NE_IN,3
RO_AS,ML,16,TY_TE_VO_IN,6
RO_AS,ML,17,TY_TE_VO_IN,15
RO_AS,ML,18,TY_TE_VO_IN,2
RO_AS,SB,13,FO_SA_GR_IN,2
RO_AS,SB,14,FO_SA_GR_IN,3
RO_AS,SB,15,FO_SA_GR_IN,4
RO_AS,SB,15,TY_RA_NE_IN,1
RO_AS,SB,15,TY_TE_VO_IN,2
RO_AS,SB,16,FO_SA_GR_IN,19
RO_AS,SB,16,TY_RA_NE_IN,3
RO_AS,SB,16,TY_TE_VO_IN,13
RO_AS,SB,17,FO_BO_SK_IN,1
RO_AS,SB,17,FO_SA_GR_IN,6
RO_AS,SB,17,TY_RA_NE_IN,1
RO_AS,SB,17,TY_TE_VO_IN,13
RO_AS,SB,18,FO_SA_GR_IN,2
RO_AS,SB,18,TY_RA_NE_IN,1
RO_AS,SB,18,TY_TE_VO_IN,1
RO_AS,SS,12,FO_BO_SK_IN,2
RO_AS,SS,12,FO_SA_GR_IN,1
RO_AS,SS,12,FO_TE_QU_IN,1
RO_AS,SS,13,FO_BO_SK_IN,6
RO_AS,SS,13,FO_SA_GR_IN,1
RO_AS,SS,13,FO_TE_QU_IN,3
RO_AS,SS,14,FO_BO_SK_IN,12
RO_AS,SS,14,FO_SA_GR_IN,5
RO_AS,SS,15,FO_BO_SK_IN,8
RO_AS,SS,15,FO_SA_GR_IN,3
RO_AS,SS,15,TY_RA_NE_IN,5
RO_AS,SS,15,TY_TE_VO_IN,4
RO_AS,SS,16,FO_BO_SK_IN,1
RO_AS,SS,16,FO_SA_GR_IN,1
RO_AS,SS,16,TY_RA_NE_IN,1
RO_AS,SS,16,TY_TE_VO_IN,12
RO_AS,SS,17,FO_SA_GR_IN,1
RO_AS,SS,17,TY_TE_VO_IN,2
RO_AS,TD,13,FO_BO_SK_IN,1
RO_AS,TD,14,FO_BO_SK_IN,4
RO_AS,TD,15,FO_BO_SK_IN,12
RO_AS,TD,15,FO_SA_GR_IN,2
RO_AS,TD,15,TY_BO_EX_IN,1
RO_AS,TD,15,TY_RA_NE_IN,2
RO_AS,TD,15,TY_TE_VO_IN,3
RO_AS,TD,16,FO_BO_SK_IN,17
RO_AS,TD,16,FO_SA_GR_IN,2
RO_AS,TD,16,TY_TE_VO_IN,13
RO_AS,TD,17,FO_BO_SK_IN,3
RO_AS,TD,17,TY_TE_VO_IN,6
RO_AS,TS,13,TY_RA_NE_IN,1
RO_AS,TS,13,TY_TE_VO_IN,2
RO_AS,TS,14,FO_BO_SK_IN,1
RO_AS,TS,14,FO_SA_GR_IN,3
RO_AS,TS,14,TY_RA_NE_IN,1
RO_AS,TS,14,TY_TE_VO_IN,3
RO_AS,TS,15,FO_BO_SK_IN,6
RO_AS,TS,15,FO_SA_GR_IN,4
RO_AS,TS,15,TY_BO_EX_IN,3
RO_AS,TS,15,TY_RA_NE_IN,4
RO_AS,TS,15,TY_TE_VO_IN,15
RO_AS,TS,16,FO_BO_SK_IN,21
RO_AS,TS,16,FO_SA_GR_IN,11
RO_AS,TS,16,TY_BO_EX_IN,1
RO_AS,TS,16,TY_RA_NE_IN,3
RO_AS,TS,16,TY_TE_VO_IN,12
RO_AS,TS,17,FO_BO_SK_IN,8
RO_AS,TS,17,FO_SA_GR_IN,7
RO_AS,TS,18,FO_SA_GR_IN,2
RO_AS,UR,14,TY_BO_EX_IN,3
RO_AS,UR,14,TY_TE_VO_IN,1
RO_AS,UR,15,FO_BO_SK_IN,2
RO_AS,UR,15,FO_SA_GR_IN,5
RO_AS,UR,15,TY_BO_EX_IN,1
RO_AS,UR,15,TY_RA_NE_IN,7
RO_AS,UR,15,TY_TE_VO_IN,15
RO_AS,UR,16,FO_BO_SK_IN,5
RO_AS,UR,16,FO_SA_GR_IN,14
RO_AS,UR,16,TY_BO_EX_IN,1
RO_AS,UR,16,TY_RA_NE_IN,2
RO_AS,UR,16,TY_TE_VO_IN,20
RO_AS,UR,17,FO_BO_SK_IN,7
RO_AS,UR,17,FO_SA_GR_IN,22
RO_AS,UR,17,TY_RA_NE_IN,1
RO_AS,UR,17,TY_TE_VO_IN,6
RO_AS,UR,18,FO_SA_GR_IN,5
RO_AS,UR,19,FO_SA_GR_IN,3
RO_AS,WM,13,FO_SA_GR_IN,1
RO_AS,WM,14,FO_BO_SK_IN,3
RO_AS,WM,14,FO_SA_GR_IN,2
RO_AS,WM,15,FO_BO_SK_IN,2
RO_AS,WM,15,FO_SA_GR_IN,2
RO_AS,WM,15,TY_TE_VO_IN,1
RO_AS,WM,16,FO_BO_SK_IN,3
RO_AS,WM,16,FO_SA_GR_IN,4
RO_AS,WM,16,TY_TE_VO_IN,12
RO_AS,WM,17,FO_BO_SK_IN,1
RO_AS,WM,17,FO_SA_GR_IN,3
RO_AS,WM,17,TY_TE_VO_IN,7
RO_OL,AD,15,FO_BO_SK_IN,1
RO_OL,AD,15,FO_SA_GR_IN,1
RO_OL,AD,16,FO_SA_GR_IN,2
RO_OL,AD,16,TY_TE_VO_IN,3
RO_OL,AD,17,FO_SA_GR_IN,3
RO_OL,AD,17,TY_TE_VO_IN,6
RO_OL,AD,18,TY_TE_VO_IN,3
RO_OL,FH,15,FO_BO_SK_IN,1
RO_OL,FH,15,TY_TE_VO_IN,2
RO_OL,FH,16,FO_BO_SK_IN,1
RO_OL,FH,16,TY_TE_VO_IN,4
RO_OL,FH,17,FO_BO_SK_IN,1
RO_OL,FH,17,FO_SA_GR_IN,5
RO_OL,FH,17,TY_TE_VO_IN,3
RO_OL,FH,19,TY_TE_VO_IN,1
RO_OL,KR,13,FO_SA_GR_IN,2
RO_OL,KR,13,TY_TE_VO_IN,1
RO_OL,KR,14,FO_SA_GR_IN,1
RO_OL,KR,14,TY_TE_VO_IN,2
RO_OL,KR,15,FO_BO_SK_IN,1
RO_OL,KR,15,FO_SA_GR_IN,2
RO_OL,KR,15,TY_TE_VO_IN,3
RO_OL,KR,16,FO_SA_GR_IN,2
RO_OL,KR,16,TY_TE_VO_IN,1
RO_OL,KR,17,TY_TE_VO_IN,1
RO_OL,ML,13,FO_BO_SK_IN,2
RO_OL,ML,13,FO_SA_GR_IN,1
RO_OL,ML,14,FO_BO_SK_IN,1
RO_OL,ML,14,FO_SA_GR_IN,3
RO_OL,ML,15,FO_SA_GR_IN,3
RO_OL,ML,15,TY_TE_VO_IN,1
RO_OL,ML,16,FO_BO_SK_IN,1
RO_OL,ML,16,FO_SA_GR_IN,2
RO_OL,ML,16,TY_TE_VO_IN,2
RO_OL,ML,17,TY_TE_VO_IN,1
RO_OL,ML,18,TY_TE_VO_IN,1
RO_OL,SB,13,FO_BO_SK_IN,1
RO_OL,SB,13,FO_SA_GR_IN,4
RO_OL,SB,14,FO_SA_GR_IN,3
RO_OL,SB,15,FO_SA_GR_IN,4
RO_OL,SB,15,TY_TE_VO_IN,1
RO_OL,SB,16,FO_SA_GR_IN,4
RO_OL,SB,16,TY_TE_VO_IN,2
RO_OL,SB,17,FO_SA_GR_IN,3
RO_OL,SB,17,TY_TE_VO_IN,3
RO_OL,SS,12,FO_BO_SK_IN,1
RO_OL,SS,13,FO_BO_SK_IN,3
RO_OL,SS,13,FO_SA_GR_IN,5
RO_OL,SS,14,FO_BO_SK_IN,4
RO_OL,SS,14,FO_SA_GR_IN,1
RO_OL,SS,14,TY_RA_NE_IN,1
RO_OL,SS,14,TY_TE_VO_IN,1
RO_OL,SS,15,FO_BO_SK_IN,3
RO_OL,SS,15,FO_SA_GR_IN,2
RO_OL,SS,15,TY_TE_VO_IN,2
RO_OL,SS,16,TY_TE_VO_IN,1
RO_OL,SS,17,TY_TE_VO_IN,1
RO_OL,TD,13,FO_BO_SK_IN,1
RO_OL,TD,13,FO_SA_GR_IN,1
RO_OL,TD,13,FO_TE_QU_IN,1
RO_OL,TD,14,FO_BO_SK_IN,1
RO_OL,TD,14,FO_SA_GR_IN,1
RO_OL,TD,14,TY_TE_VO_IN,1
RO_OL,TD,15,FO_BO_SK_IN,3
RO_OL,TD,15,FO_SA_GR_IN,2
RO_OL,TD,16,FO_BO_SK_IN,2
RO_OL,TD,16,TY_TE_VO_IN,4
RO_OL,TD,17,TY_TE_VO_IN,4
RO_OL,TD,18,TY_TE_VO_IN,2
RO_OL,TS,13,TY_BO_EX_IN,2
RO_OL,TS,13,TY_TE_VO_IN,1
RO_OL,TS,14,FO_BO_SK_IN,2
RO_OL,TS,14,FO_SA_GR_IN,2
RO_OL,TS,14,TY_BO_EX_IN,2
RO_OL,TS,14,TY_TE_VO_IN,1
RO_OL,TS,15,FO_SA_GR_IN,1
RO_OL,TS,15,TY_BO_EX_IN,2
RO_OL,TS,15,TY_RA_NE_IN,1
RO_OL,TS,15,TY_TE_VO_IN,2
RO_OL,TS,16,TY_TE_VO_IN,2
RO_OL,TS,17,TY_TE_VO_IN,1
RO_OL,UR,14,TY_RA_NE_IN,1
RO_OL,UR,14,TY_TE_VO_IN,3
RO_OL,UR,15,FO_SA_GR_IN,3
RO_OL,UR,15,TY_BO_EX_IN,1
RO_OL,UR,15,TY_TE_VO_IN,4
RO_OL,UR,16,FO_SA_GR_IN,3
RO_OL,UR,16,TY_TE_VO_IN,2
RO_OL,WM,13,FO_BO_SK_IN,1
RO_OL,WM,13,FO_SA_GR_IN,1
RO_OL,WM,14,FO_BO_SK_IN,2
RO_OL,WM,15,FO_SA_GR_IN,6
RO_OL,WM,16,TY_RA_NE_IN,1
RO_OL,WM,16,TY_TE_VO_IN,5
RO_OL,WM,17,FO_SA_GR_IN,1
RO_OL,WM,18,FO_SA_GR_IN,1
RO_SU,AD,15,TY_TE_VO_IN,1
RO_SU,AD,16,FO_BO_SK_IN,2
RO_SU,AD,16,FO_SA_GR_IN,3
RO_SU,AD,16,TY_TE_VO_IN,3
RO_SU,AD,17,FO_BO_SK_IN,2
RO_SU,AD,17,FO_SA_GR_IN,6
RO_SU,AD,17,TY_TE_VO_IN,3
RO_SU,AD,18,FO_BO_SK_IN,1
RO_SU,AD,18,FO_SA_GR_IN,7
RO_SU,AD,18,TY_TE_VO_IN,4
RO_SU,AD,19,FO_SA_GR_IN,2
RO_SU,AD,19,TY_TE_VO_IN,2
RO_SU,FH,16,FO_BO_SK_IN,1
RO_SU,FH,16,FO_SA_GR_IN,1
RO_SU,FH,16,TY_RA_NE_IN,1
RO_SU,FH,16,TY_TE_VO_IN,2
RO_SU,FH,17,FO_BO_SK_IN,2
RO_SU,FH,17,FO_SA_GR_IN,2
RO_SU,FH,18,FO_SA_GR_IN,2
RO_SU,FH,18,TY_TE_VO_IN,1
RO_SU,KR,13,FO_BO_SK_IN,1
RO_SU,KR,16,TY_TE_VO_IN,1
RO_SU,KR,17,FO_SA_GR_IN,1
RO_SU,ML,13,FO_BO_SK_IN,1
RO_SU,ML,13,FO_SA_GR_IN,1
RO_SU,ML,14,FO_BO_SK_IN,1
RO_SU,ML,15,FO_BO_SK_IN,2
RO_SU,ML,15,FO_SA_GR_IN,2
RO_SU,ML,15,TY_RA_NE_IN,1
RO_SU,ML,15,TY_TE_VO_IN,2
RO_SU,ML,16,FO_SA_GR_IN,1
RO_SU,ML,16,TY_TE_VO_IN,2
RO_SU,ML,17,TY_TE_VO_IN,13
RO_SU,ML,18,TY_TE_VO_IN,3
RO_SU,ML,19,TY_TE_VO_IN,1
RO_SU,SB,13,FO_BO_SK_IN,1
RO_SU,SB,15,FO_SA_GR_IN,1
RO_SU,SB,15,TY_TE_VO_IN,1
RO_SU,SB,16,FO_BO_SK_IN,1
RO_SU,SB,16,FO_SA_GR_IN,6
RO_SU,SB,16,TY_TE_VO_IN,7
RO_SU,SB,17,FO_BO_SK_IN,1
RO_SU,SB,17,FO_SA_GR_IN,2
RO_SU,SB,17,TY_RA_NE_IN,1
RO_SU,SB,17,TY_TE_VO_IN,4
RO_SU,SB,18,FO_SA_GR_IN,3
RO_SU,SB,18,TY_TE_VO_IN,2
RO_SU,SS,13,FO_BO_SK_IN,2
RO_SU,SS,13,FO_SA_GR_IN,1
RO_SU,SS,14,FO_BO_SK_IN,2
RO_SU,SS,15,FO_BO_SK_IN,3
RO_SU,SS,15,FO_SA_GR_IN,1
RO_SU,SS,15,TY_RA_NE_IN,1
RO_SU,SS,15,TY_TE_VO_IN,3
RO_SU,SS,16,TY_RA_NE_IN,2
RO_SU,SS,16,TY_TE_VO_IN,18
RO_SU,SS,17,TY_RA_NE_IN,1
RO_SU,SS,17,TY_TE_VO_IN,9
RO_SU,SS,18,TY_TE_VO_IN,1
RO_SU,TD,13,FO_SA_GR_IN,1
RO_SU,TD,14,FO_BO_SK_IN,2
RO_SU,TD,15,FO_BO_SK_IN,1
RO_SU,TD,15,TY_RA_NE_IN,1
RO_SU,TD,15,TY_TE_VO_IN,2
RO_SU,TD,16,FO_BO_SK_IN,6
RO_SU,TD,16,FO_SA_GR_IN,1
RO_SU,TD,16,TY_BO_EX_IN,1
RO_SU,TD,16,TY_TE_VO_IN,15
RO_SU,TD,17,FO_BO_SK_IN,5
RO_SU,TD,17,FO_SA_GR_IN,1
RO_SU,TD,17,TY_TE_VO_IN,9
RO_SU,TD,18,TY_TE_VO_IN,2
RO_SU,TS,15,TY_RA_NE_IN,1
RO_SU,TS,15,TY_TE_VO_IN,1
RO_SU,TS,16,FO_BO_SK_IN,1
RO_SU,TS,16,TY_TE_VO_IN,1
RO_SU,TS,17,FO_BO_SK_IN,1
RO_SU,UR,15,FO_BO_SK_IN,1
RO_SU,UR,15,FO_SA_GR_IN,1
RO_SU,UR,15,TY_RA_NE_IN,1
RO_SU,UR,15,TY_TE_VO_IN,2
RO_SU,UR,16,FO_SA_GR_IN,2
RO_SU,UR,16,TY_TE_VO_IN,1
RO_SU,UR,17,FO_SA_GR_IN,2
RO_SU,UR,17,TY_TE_VO_IN,2
RO_SU,WM,14,FO_SA_GR_IN,1
RO_SU,WM,15,FO_BO_SK_IN,3
RO_SU,WM,15,FO_SA_GR_IN,1
RO_SU,WM,15,TY_TE_VO_IN,5
RO_SU,WM,16,FO_BO_SK_IN,4
RO_SU,WM,16,FO_SA_GR_IN,4
RO_SU,WM,16,TY_TE_VO_IN,13
RO_SU,WM,17,FO_BO_SK_IN,2
RO_SU,WM,17,FO_SA_GR_IN,4
RO_SU,WM,17,TY_TE_VO_IN,13
RO_SU,WM,18,FO_BO_SK_IN,1
RO_SU,WM,18,TY_TE_VO_IN,2
RO_SU,WM,19,TY_TE_VO_IN,1
SH_EL,AD,16,FO_SA_GR_IN,2
SH_EL,AD,17,FO_SA_GR_IN,1
SH_EL,AD,17,TY_TE_VO_IN,1
SH_EL,FH,17,FO_SA_GR_IN,1
SH_EL,FH,18,FO_SA_GR_IN,1
SH_EL,KR,15,FO_BO_SK_IN,1
SH_EL,KR,15,TY_TE_VO_IN,1
SH_EL,KR,16,TY_TE_VO_IN,1
SH_EL,ML,14,FO_BO_SK_IN,1
SH_EL,ML,14,FO_SA_GR_IN,1
SH_EL,ML,15,FO_BO_SK_IN,1
SH_EL,ML,15,FO_SA_GR_IN,1
SH_EL,ML,16,TY_TE_VO_IN,1
SH_EL,ML,17,TY_TE_VO_IN,1
SH_EL,SB,16,FO_SA_GR_IN,1
SH_EL,SB,16,TY_TE_VO_IN,2
SH_EL,SB,17,TY_TE_VO_IN,2
SH_EL,SS,13,FO_BO_SK_IN,1
SH_EL,SS,14,FO_BO_SK_IN,1
SH_EL,SS,14,FO_SA_GR_IN,1
SH_EL,TD,14,FO_BO_SK_IN,2
SH_EL,TD,15,FO_BO_SK_IN,1
SH_EL,TD,16,TY_TE_VO_IN,2
SH_EL,TS,13,TY_TE_VO_IN,1
SH_EL,TS,15,TY_TE_VO_IN,2
SH_EL,TS,16,FO_SA_GR_IN,1
SH_EL,TS,16,TY_TE_VO_IN,1
SH_EL,UR,17,FO_SA_GR_IN,2
SH_EL,WM,15,TY_TE_VO_IN,2
SH_EL,WM,16,FO_SA_GR_IN,1
SH_EL,WM,16,TY_TE_VO_IN,1
SH_RE,AD,17,FO_SA_GR_IN,1
SH_RE,FH,17,TY_TE_VO_IN,1
SH_RE,KR,14,TY_TE_VO_IN,1
SH_RE,KR,16,FO_SA_GR_IN,1
SH_RE,KR,16,TY_TE_VO_IN,2
SH_RE,ML,14,FO_BO_SK_IN,1
SH_RE,ML,15,FO_BO_SK_IN,1
SH_RE,ML,15,TY_TE_VO_IN,2
SH_RE,ML,16,FO_SA_GR_IN,1
SH_RE,SB,13,FO_BO_SK_IN,1
SH_RE,SB,15,FO_SA_GR_IN,1
SH_RE,SB,17,TY_TE_VO_IN,1
SH_RE,SS,14,FO_BO_SK_IN,1
SH_RE,SS,16,FO_BO_SK_IN,1
SH_RE,TD,14,FO_BO_SK_IN,1
SH_RE,TS,16,TY_TE_VO_IN,1
WA_AR,AD,15,FO_SA_GR_IN,2
WA_AR,AD,16,FO_BO_SK_IN,1
WA_AR,AD,16,TY_TE_VO_IN,1
WA_AR,AD,17,TY_TE_VO_IN,5
WA_AR,FH,15,TY_TE_VO_IN,1
WA_AR,FH,16,TY_TE_VO_IN,1
WA_AR,KR,14,TY_TE_VO_IN,1
WA_AR,KR,15,FO_SA_GR_IN,2
WA_AR,KR,15,TY_BO_EX_IN,1
WA_AR,KR,15,TY_TE_VO_IN,2
WA_AR,KR,16,TY_TE_VO_IN,1
WA_AR,ML,13,FO_BO_SK_IN,1
WA_AR,ML,13,FO_SA_GR_IN,2
WA_AR,ML,14,FO_BO_SK_IN,2
WA_AR,ML,14,FO_SA_GR_IN,2
WA_AR,ML,15,FO_BO_SK_IN,1
WA_AR,ML,15,TY_RA_NE_IN,1
WA_AR,ML,15,TY_TE_VO_IN,2
WA_AR,ML,16,TY_TE_VO_IN,2
WA_AR,ML,17,TY_TE_VO_IN,1
WA_AR,ML,18,TY_TE_VO_IN,1
WA_AR,SB,14,FO_SA_GR_IN,1
WA_AR,SB,15,FO_SA_GR_IN,3
WA_AR,SB,15,TY_TE_VO_IN,2
WA_AR,SB,16,TY_TE_VO_IN,1
WA_AR,SB,17,TY_TE_VO_IN,1
WA_AR,SB,18,TY_TE_VO_IN,1
WA_AR,SS,14,TY_RA_NE_IN,1
WA_AR,SS,15,FO_BO_SK_IN,2
WA_AR,SS,15,TY_RA_NE_IN,2
WA_AR,TD,13,FO_BO_SK_IN,1
WA_AR,TD,15,FO_BO_SK_IN,1
WA_AR,TD,15,FO_SA_GR_IN,1
WA_AR,TD,15,TY_BO_EX_IN,1
WA_AR,TD,15,TY_TE_VO_IN,1
WA_AR,TD,16,TY_TE_VO_IN,2
WA_AR,TS,13,TY_BO_EX_IN,1
WA_AR,TS,13,TY_TE_VO_IN,1
WA_AR,TS,14,FO_SA_GR_IN,1
WA_AR,TS,15,TY_TE_VO_IN,1
WA_AR,TS,16,TY_TE_VO_IN,1
WA_AR,UR,14,TY_BO_EX_IN,2
WA_AR,UR,15,FO_SA_GR_IN,3
WA_AR,UR,16,FO_BO_SK_IN,1
WA_AR,UR,16,TY_RA_NE_IN,1
WA_AR,UR,16,TY_TE_VO_IN,2
WA_AR,WM,13,FO_BO_SK_IN,1
WA_AR,WM,13,FO_SA_GR_IN,1
WA_AR,WM,14,FO_BO_SK_IN,2
WA_AR,WM,15,FO_BO_SK_IN,2
WA_AR,WM,16,FO_BO_SK_IN,1
WA_AR,WM,16,TY_TE_VO_IN,2
WA_AR,WM,17,TY_TE_VO_IN,2
WA_FU,ML,14,FO_SA_GR_IN,1
WA_FU,UR,14,TY_TE_VO_IN,1
WA_PR,AD,16,TY_TE_VO_IN,2
WA_PR,AD,17,FO_SA_GR_IN,3
WA_PR,AD,17,TY_TE_VO_IN,1
WA_PR,FH,16,TY_TE_VO_IN,1
WA_PR,FH,17,FO_SA_GR_IN,1
WA_PR,KR,15,TY_TE_VO_IN,2
WA_PR,KR,16,TY_TE_VO_IN,1
WA_PR,ML,13,FO_BO_SK_IN,1
WA_PR,ML,14,FO_BO_SK_IN,2
WA_PR,ML,15,FO_BO_SK_IN,2
WA_PR,ML,15,FO_SA_GR_IN,1
WA_PR,ML,15,TY_TE_VO_IN,1
WA_PR,ML,16,TY_TE_VO_IN,2
WA_PR,SB,16,FO_SA_GR_IN,1
WA_PR,SB,17,FO_SA_GR_IN,1
WA_PR,SS,13,FO_BO_SK_IN,2
WA_PR,SS,14,FO_BO_SK_IN,1
WA_PR,SS,15,FO_BO_SK_IN,2
WA_PR,SS,16,TY_TE_VO_IN,1
WA_PR,SS,17,TY_TE_VO_IN,1
WA_PR,TD,14,FO_BO_SK_IN,1
WA_PR,TD,15,FO_BO_SK_IN,1
WA_PR,TD,16,TY_TE_VO_IN,1
WA_PR,TS,14,TY_BO_EX_IN,1
WA_PR,TS,15,TY_TE_VO_IN,1
WA_PR,TS,16,TY_TE_VO_IN,1
WA_PR,UR,15,TY_BO_EX_IN,1
WA_PR,UR,16,FO_SA_GR_IN,2
WA_PR,UR,16,TY_BO_EX_IN,1
WA_PR,WM,14,FO_SA_GR_IN,1
WA_PR,WM,15,FO_BO_SK_IN,1
WA_PR,WM,15,FO_SA_GR_IN,1
WA_PR,WM,16,TY_TE_VO_IN,2
WL_AF,AD,15,FO_BO_SK_IN,2
WL_AF,AD,15,FO_SA_GR_IN,3
WL_AF,AD,15,TY_TE_VO_IN,1
WL_AF,AD,16,FO_BO_SK_IN,3
WL_AF,AD,16,FO_SA_GR_IN,1
WL_AF,AD,16,TY_BO_EX_IN,2
WL_AF,AD,16,TY_BU_SK_IN,1
WL_AF,AD,16,TY_RA_NE_IN,2
WL_AF,AD,16,TY_TE_VO_IN,4
WL_AF,AD,17,FO_BO_SK_IN,5
WL_AF,AD,17,FO_SA_GR_IN,3
WL_AF,AD,17,TY_RA_NE_IN,2
WL_AF,AD,17,TY_TE_VO_IN,9
WL_AF,AD,18,FO_SA_GR_IN,2
WL_AF,AD,18,TY_TE_VO_IN,2
WL_AF,FH,15,FO_BO_SK_IN,3
WL_AF,FH,15,FO_SA_GR_IN,1
WL_AF,FH,15,TY_BO_EX_IN,1
WL_AF,FH,16,FO_BO_SK_IN,2
WL_AF,FH,16,FO_SA_GR_IN,1
WL_AF,FH,16,TY_BU_SK_IN,1
WL_AF,FH,16,TY_TE_VO_IN,5
WL_AF,FH,17,FO_BO_SK_IN,4
WL_AF,FH,17,FO_SA_GR_IN,5
WL_AF,FH,17,TY_TE_VO_IN,11
WL_AF,FH,18,FO_BO_SK_IN,2
WL_AF,FH,18,FO_SA_GR_IN,1
WL_AF,FH,18,TY_TE_VO_IN,2
WL_AF,FH,19,TY_TE_VO_IN,1
WL_AF,KR,13,FO_BO_SK_IN,1
WL_AF,KR,13,TY_TE_VO_IN,1
WL_AF,KR,14,FO_BO_SK_IN,1
WL_AF,KR,14,FO_SA_GR_IN,2
WL_AF,KR,14,TY_BO_EX_IN,2
WL_AF,KR,14,TY_RA_NE_IN,2
WL_AF,KR,14,TY_TE_VO_IN,1
WL_AF,KR,15,FO_BO_SK_IN,3
WL_AF,KR,15,FO_SA_GR_IN,4
WL_AF,KR,15,TY_RA_NE_IN,2
WL_AF,KR,15,TY_TE_VO_IN,6
WL_AF,KR,16,FO_BO_SK_IN,2
WL_AF,KR,16,FO_SA_GR_IN,9
WL_AF,KR,16,TY_TE_VO_IN,4
WL_AF,KR,17,FO_SA_GR_IN,2
WL_AF,KR,17,TY_TE_VO_IN,1
WL_AF,ML,13,FO_BO_SK_IN,1
WL_AF,ML,13,FO_SA_GR_IN,3
WL_AF,ML,13,FO_TE_QU_IN,1
WL_AF,ML,14,FO_SA_GR_IN,3
WL_AF,ML,14,FO_TE_QU_IN,1
WL_AF,ML,15,FO_BO_SK_IN,4
WL_AF,ML,15,FO_SA_GR_IN,3
WL_AF,ML,15,TY_BU_SK_IN,1
WL_AF,ML,15,TY_TE_VO_IN,1
WL_AF,ML,16,FO_BO_SK_IN,1
WL_AF,ML,16,FO_SA_GR_IN,1
WL_AF,ML,16,TY_RA_NE_IN,3
WL_AF,ML,16,TY_TE_VO_IN,3
WL_AF,ML,17,TY_TE_VO_IN,6
WL_AF,ML,18,TY_TE_VO_IN,2
WL_AF,SB,13,FO_SA_GR_IN,1
WL_AF,SB,14,FO_SA_GR_IN,4
WL_AF,SB,15,FO_SA_GR_IN,4
WL_AF,SB,15,TY_TE_VO_IN,1
WL_AF,SB,16,FO_SA_GR_IN,5
WL_AF,SB,16,TY_TE_VO_IN,6
WL_AF,SB,17,FO_SA_GR_IN,3
WL_AF,SB,17,TY_RA_NE_IN,1
WL_AF,SB,17,TY_TE_VO_IN,8
WL_AF,SB,18,TY_TE_VO_IN,1
WL_AF,SS,12,FO_TE_QU_IN,1
WL_AF,SS,13,FO_BO_SK_IN,6
WL_AF,SS,13,FO_SA_GR_IN,2
WL_AF,SS,13,FO_TE_QU_IN,2
WL_AF,SS,14,FO_BO_SK_IN,5
WL_AF,SS,14,FO_SA_GR_IN,3
WL_AF,SS,14,TY_TE_VO_IN,2
WL_AF,SS,15,FO_BO_SK_IN,3
WL_AF,SS,15,FO_SA_GR_IN,2
WL_AF,SS,15,TY_RA_NE_IN,3
WL_AF,SS,15,TY_TE_VO_IN,8
WL_AF,SS,16,TY_RA_NE_IN,1
WL_AF,SS,16,TY_TE_VO_IN,7
WL_AF,SS,17,TY_TE_VO_IN,3
WL_AF,TD,13,FO_TE_QU_IN,1
WL_AF,TD,14,FO_BO_SK_IN,2
WL_AF,TD,14,FO_SA_GR_IN,1
WL_AF,TD,15,FO_BO_SK_IN,2
WL_AF,TD,15,FO_SA_GR_IN,1
WL_AF,TD,15,TY_BO_EX_IN,1
WL_AF,TD,15,TY_RA_NE_IN,1
WL_AF,TD,15,TY_TE_VO_IN,4
WL_AF,TD,16,FO_BO_SK_IN,8
WL_AF,TD,16,TY_TE_VO_IN,8
WL_AF,TD,17,FO_BO_SK_IN,2
WL_AF,TD,17,TY_TE_VO_IN,3
WL_AF,TD,18,TY_TE_VO_IN,1
WL_AF,TS,13,TY_BO_EX_IN,2
WL_AF,TS,14,FO_BO_SK_IN,1
WL_AF,TS,14,FO_SA_GR_IN,1
WL_AF,TS,14,TY_BO_EX_IN,1
WL_AF,TS,14,TY_TE_VO_IN,3
WL_AF,TS,15,FO_BO_SK_IN,3
WL_AF,TS,15,FO_SA_GR_IN,4
WL_AF,TS,15,TY_BO_EX_IN,1
WL_AF,TS,15,TY_RA_NE_IN,3
WL_AF,TS,15,TY_TE_VO_IN,6
WL_AF,TS,16,FO_BO_SK_IN,6
WL_AF,TS,16,FO_SA_GR_IN,6
WL_AF,TS,16,TY_RA_NE_IN,1
WL_AF,TS,16,TY_TE_VO_IN,7
WL_AF,TS,17,FO_BO_SK_IN,3
WL_AF,TS,17,TY_TE_VO_IN,1
WL_AF,UR,14,TY_BO_EX_IN,2
WL_AF,UR,14,TY_RA_NE_IN,1
WL_AF,UR,14,TY_TE_VO_IN,1
WL_AF,UR,15,FO_BO_SK_IN,2
WL_AF,UR,15,FO_SA_GR_IN,2
WL_AF,UR,15,TY_RA_NE_IN,2
WL_AF,UR,15,TY_TE_VO_IN,4
WL_AF,UR,16,FO_BO_SK_IN,1
WL_AF,UR,16,FO_SA_GR_IN,3
WL_AF,UR,16,TY_RA_NE_IN,1
WL_AF,UR,16,TY_TE_VO_IN,6
WL_AF,UR,17,FO_BO_SK_IN,2
WL_AF,UR,17,FO_SA_GR_IN,4
WL_AF,UR,17,TY_TE_VO_IN,1
WL_AF,WM,13,FO_BO_SK_IN,2
WL_AF,WM,13,FO_SA_GR_IN,1
WL_AF,WM,14,FO_BO_SK_IN,2
WL_AF,WM,14,FO_SA_GR_IN,2
WL_AF,WM,15,FO_SA_GR_IN,4
WL_AF,WM,15,TY_TE_VO_IN,3
WL_AF,WM,16,FO_BO_SK_IN,3
WL_AF,WM,16,FO_SA_GR_IN,6
WL_AF,WM,16,TY_TE_VO_IN,7
WL_AF,WM,17,FO_BO_SK_IN,1
WL_AF,WM,17,FO_SA_GR_IN,4
WL_AF,WM,17,TY_TE_VO_IN,3
WL_AF,WM,18,TY_TE_VO_IN,2
WL_DM,FH,15,TY_TE_VO_IN,1
WL_DM,FH,16,TY_TE_VO_IN,1
WL_DM,FH,17,TY_TE_VO_IN,2
WL_DM,KR,15,TY_TE_VO_IN,1
WL_DM,ML,14,FO_SA_GR_IN,1
WL_DM,ML,15,FO_BO_SK_IN,1
WL_DM,TD,16,TY_TE_VO_IN,1
WL_DM,TS,15,TY_TE_VO_IN,1
WL_DM,WM,16,TY_TE_VO_IN,1
WL_DM,WM,17,TY_TE_VO_IN,1
WL_DS,AD,15,FO_SA_GR_IN,1
WL_DS,AD,15,TY_TE_VO_IN,1
WL_DS,AD,16,FO_BO_SK_IN,1
WL_DS,FH,16,FO_SA_GR_IN,1
WL_DS,FH,16,TY_TE_VO_IN,1
WL_DS,FH,18,TY_TE_VO_IN,1
WL_DS,KR,14,FO_SA_GR_IN,1
WL_DS,KR,14,TY_TE_VO_IN,1
WL_DS,KR,15,FO_SA_GR_IN,1
WL_DS,KR,17,TY_TE_VO_IN,1
WL_DS,ML,13,FO_BO_SK_IN,1
WL_DS,ML,13,FO_SA_GR_IN,1
WL_DS,ML,14,FO_BO_SK_IN,2
WL_DS,ML,15,FO_BO_SK_IN,1
WL_DS,ML,16,TY_TE_VO_IN,2
WL_DS,ML,17,TY_TE_VO_IN,2
WL_DS,SB,13,FO_SA_GR_IN,1
WL_DS,SB,16,TY_TE_VO_IN,1
WL_DS,SB,17,TY_TE_VO_IN,1
WL_DS,SS,13,FO_BO_SK_IN,1
WL_DS,SS,17,TY_TE_VO_IN,1
WL_DS,TD,14,FO_BO_SK_IN,1
WL_DS,TD,14,FO_SA_GR_IN,1
WL_DS,TD,14,TY_TE_VO_IN,1
WL_DS,TD,15,TY_RA_NE_IN,1
WL_DS,TD,15,TY_TE_VO_IN,2
WL_DS,TD,16,FO_BO_SK_IN,1
WL_DS,TD,16,FO_SA_GR_IN,1
WL_DS,TD,16,TY_TE_VO_IN,3
WL_DS,TD,17,TY_TE_VO_IN,3
WL_DS,TD,18,TY_TE_VO_IN,1
WL_DS,TS,14,FO_SA_GR_IN,1
WL_DS,TS,14,TY_BO_EX_IN,1
WL_DS,TS,14,TY_TE_VO_IN,2
WL_DS,TS,15,TY_TE_VO_IN,1
WL_DS,TS,16,TY_TE_VO_IN,1
WL_DS,UR,15,FO_BO_SK_IN,1
WL_DS,UR,15,TY_BO_EX_IN,1
WL_DS,UR,17,TY_TE_VO_IN,2
WL_DS,WM,14,FO_BO_SK_IN,2
WL_DS,WM,15,FO_BO_SK_IN,1
WL_DS,WM,15,TY_TE_VO_IN,1
WL_DS,WM,17,TY_TE_VO_IN,1
